{
  "uid" : "183e3a99a8b52d76",
  "name" : "TC_Login_001_AsASuperUser_PurchaseAgent_GeneralUser[newpurchaseagent@unilogcorp.com,123456789,Test Agent Test]",
  "title" : "TC login 001 as A super user purchase agent general user [newpurchaseagent@unilogcorp.com,123456789,Test Agent Test]",
  "time" : {
    "start" : 1462547237596,
    "stop" : 1462547241341,
    "duration" : 3745
  },
  "summary" : {
    "attachments" : 0,
    "steps" : 0
  },
  "failure" : null,
  "description" : null,
  "severity" : "NORMAL",
  "status" : "PASSED",
  "testId" : null,
  "suite" : {
    "uid" : "65bf691c2ffddd35",
    "name" : "EtnaTestAutomationSuite : AutomationTesting",
    "title" : "EtnaTestAutomationSuite : AutomationTesting"
  },
  "steps" : [ ],
  "attachments" : [ ],
  "issues" : [ ],
  "labels" : [ {
    "name" : "host",
    "value" : "BlaBlaBla"
  }, {
    "name" : "thread",
    "value" : "12704@BlaBlaBla.main(1)"
  }, {
    "name" : "suite-name",
    "value" : "EtnaTestAutomationSuite : AutomationTesting"
  }, {
    "name" : "suite-title",
    "value" : "EtnaTestAutomationSuite : AutomationTesting"
  }, {
    "name" : "framework",
    "value" : "TestNG"
  }, {
    "name" : "language",
    "value" : "JAVA"
  } ],
  "parameters" : [ ]
}