{
  "features" : [ {
    "title" : "Without feature",
    "statistic" : {
      "total" : 34,
      "passed" : 18,
      "pending" : 16,
      "canceled" : 0,
      "failed" : 0,
      "broken" : 0
    },
    "stories" : [ {
      "uid" : "2433740baf81b74f",
      "title" : "Without story",
      "statistic" : {
        "total" : 34,
        "passed" : 18,
        "pending" : 16,
        "canceled" : 0,
        "failed" : 0,
        "broken" : 0
      },
      "testCases" : [ {
        "uid" : "6dab4197fb52e989",
        "name" : "TS_Login_001_TC_Login_008_Verify_Tab_focus",
        "title" : "TS login 001 TC login 008 verify tab focus",
        "time" : {
          "start" : 1462547150091,
          "stop" : 1462547150107,
          "duration" : 16
        },
        "severity" : "NORMAL",
        "status" : "PENDING"
      }, {
        "uid" : "71a3c7c80642d68b",
        "name" : "TC_PDP_009_TC_PDP_010_ShareFunctionalityTest",
        "title" : "TC PDP 009 TC PDP 010 share functionality test",
        "time" : {
          "start" : 1462547150107,
          "stop" : 1462547150107,
          "duration" : 0
        },
        "severity" : "NORMAL",
        "status" : "PENDING"
      }, {
        "uid" : "32921b85a95375fb",
        "name" : "TC_APA_004_generalUserLoginCheckoutButtonNotDisplayedInCart",
        "title" : "TC APA 004 general user login checkout button not displayed in cart",
        "time" : {
          "start" : 1462547150107,
          "stop" : 1462547150107,
          "duration" : 0
        },
        "severity" : "NORMAL",
        "status" : "PENDING"
      }, {
        "uid" : "55d6a8bf47cdcf36",
        "name" : "TC_PDP_008_PrintFunctionalityTest",
        "title" : "TC PDP 008 print functionality test",
        "time" : {
          "start" : 1462547150107,
          "stop" : 1462547150107,
          "duration" : 0
        },
        "severity" : "NORMAL",
        "status" : "PENDING"
      }, {
        "uid" : "fe645a3a49f06473",
        "name" : "tc008_verifyHomePage",
        "title" : "Tc 008 verify home page",
        "time" : {
          "start" : 1462547150107,
          "stop" : 1462547150107,
          "duration" : 0
        },
        "severity" : "NORMAL",
        "status" : "PENDING"
      }, {
        "uid" : "1762ce4b52d901b7",
        "name" : "TC_APA_003_addNewPurchasingAgent_GeneralUser",
        "title" : "TC APA 003 add new purchasing agent general user",
        "time" : {
          "start" : 1462547150107,
          "stop" : 1462547150107,
          "duration" : 0
        },
        "severity" : "NORMAL",
        "status" : "PENDING"
      }, {
        "uid" : "3b05d1d6f123917",
        "name" : "TC_Login_021_loginVerifyOrderTopToBottom",
        "title" : "TC login 021 login verify order top to bottom",
        "time" : {
          "start" : 1462547150107,
          "stop" : 1462547150107,
          "duration" : 0
        },
        "severity" : "NORMAL",
        "status" : "PENDING"
      }, {
        "uid" : "525b36dcd8789a5a",
        "name" : "TC_ShoppingCart_004_signedUser_ShoppingCartQuanitityUpdateWithZero",
        "title" : "TC shopping cart 004 signed user shopping cart quanitity update with zero",
        "time" : {
          "start" : 1462547150107,
          "stop" : 1462547150107,
          "duration" : 0
        },
        "severity" : "NORMAL",
        "status" : "PENDING"
      }, {
        "uid" : "c4c2801b2969ee7d",
        "name" : "TC_ShoppingCart_012_saveCart_ClickOnCofirmationPopup",
        "title" : "TC shopping cart 012 save cart click on cofirmation popup",
        "time" : {
          "start" : 1462547150107,
          "stop" : 1462547150107,
          "duration" : 0
        },
        "severity" : "NORMAL",
        "status" : "PENDING"
      }, {
        "uid" : "1147211a78fcc0a3",
        "name" : "TC_ShoppingCart_011_CreateAndDeleteSaveCart",
        "title" : "TC shopping cart 011 create and delete save cart",
        "time" : {
          "start" : 1462547150107,
          "stop" : 1462547150107,
          "duration" : 0
        },
        "severity" : "NORMAL",
        "status" : "PENDING"
      }, {
        "uid" : "e1b24ff2de91311b",
        "name" : "TC_APA_007",
        "title" : "TC APA 007",
        "time" : {
          "start" : 1462547150107,
          "stop" : 1462547150107,
          "duration" : 0
        },
        "severity" : "NORMAL",
        "status" : "PENDING"
      }, {
        "uid" : "1349673a293148c",
        "name" : "TC_APA_006",
        "title" : "TC APA 006",
        "time" : {
          "start" : 1462547150107,
          "stop" : 1462547150107,
          "duration" : 0
        },
        "severity" : "NORMAL",
        "status" : "PENDING"
      }, {
        "uid" : "bfa1224473bbcad3",
        "name" : "TC_Login_019_verifyRegisterPage",
        "title" : "TC login 019 verify register page",
        "time" : {
          "start" : 1462547150107,
          "stop" : 1462547150107,
          "duration" : 0
        },
        "severity" : "NORMAL",
        "status" : "PENDING"
      }, {
        "uid" : "506a10338a184c63",
        "name" : "TC_ShoppingCart_018_sortByDropdownListValues",
        "title" : "TC shopping cart 018 sort by dropdown list values",
        "time" : {
          "start" : 1462547150107,
          "stop" : 1462547150107,
          "duration" : 0
        },
        "severity" : "NORMAL",
        "status" : "PENDING"
      }, {
        "uid" : "983e967053253f1f",
        "name" : "TC_APA_005_addNewPurchasingAgent_APA",
        "title" : "TC APA 005 add new purchasing agent APA",
        "time" : {
          "start" : 1462547150107,
          "stop" : 1462547150107,
          "duration" : 0
        },
        "severity" : "NORMAL",
        "status" : "PENDING"
      }, {
        "uid" : "b685cc0acfa37b62",
        "name" : "TC_PDP_013_signedUser_tryingToCreateCPNInProductDetailsPage_ErrorScenariosTest",
        "title" : "TC PDP 013 signed user trying to create CPN in product details page error scenarios test",
        "time" : {
          "start" : 1462547150107,
          "stop" : 1462547150107,
          "duration" : 0
        },
        "severity" : "NORMAL",
        "status" : "PENDING"
      }, {
        "uid" : "e01c26aa1530e51a",
        "name" : "TC_Login_001_AsASuperUser_PurchaseAgent_GeneralUser[webuser@unilogcorp.com,123456789,Super User User]",
        "title" : "TC login 001 as A super user purchase agent general user [webuser@unilogcorp.com,123456789,Super User User]",
        "time" : {
          "start" : 1462547169673,
          "stop" : 1462547235491,
          "duration" : 65818
        },
        "severity" : "NORMAL",
        "status" : "PASSED"
      }, {
        "uid" : "183e3a99a8b52d76",
        "name" : "TC_Login_001_AsASuperUser_PurchaseAgent_GeneralUser[newpurchaseagent@unilogcorp.com,123456789,Test Agent Test]",
        "title" : "TC login 001 as A super user purchase agent general user [newpurchaseagent@unilogcorp.com,123456789,Test Agent Test]",
        "time" : {
          "start" : 1462547237596,
          "stop" : 1462547241341,
          "duration" : 3745
        },
        "severity" : "NORMAL",
        "status" : "PASSED"
      }, {
        "uid" : "c0a2d82dc74b47a5",
        "name" : "TC_Login_001_AsASuperUser_PurchaseAgent_GeneralUser[generaluser2@unilogcorp.com,123456789,General User Test User]",
        "title" : "TC login 001 as A super user purchase agent general user [generaluser2@unilogcorp.com,123456789,General User Test User]",
        "time" : {
          "start" : 1462547243578,
          "stop" : 1462547248935,
          "duration" : 5357
        },
        "severity" : "NORMAL",
        "status" : "PASSED"
      }, {
        "uid" : "b753ab8c670df01e",
        "name" : "TC_Login_001_TC_Login_002_TC_Login_024_TC_Login_025_TC_Login_026_TC_Login_027",
        "title" : "TC login 001 TC login 002 TC login 024 TC login 025 TC login 026 TC login 027",
        "time" : {
          "start" : 1462547250920,
          "stop" : 1462547255040,
          "duration" : 4120
        },
        "severity" : "NORMAL",
        "status" : "PASSED"
      }, {
        "uid" : "168538c2a1dc5701",
        "name" : "TC_Login_004_TC_Login_005_TC_Login_006_TC_Login_007_ErrorScenarios[hemanthsridhar92@gmail.com,zasdasdsa,Invalid User Name/Password.]",
        "title" : "TC login 004 TC login 005 TC login 006 TC login 007 error scenarios [hemanthsridhar92@gmail.com,zasdasdsa,Invalid User Name/Password.]",
        "time" : {
          "start" : 1462547257169,
          "stop" : 1462547258800,
          "duration" : 1631
        },
        "severity" : "NORMAL",
        "status" : "PASSED"
      }, {
        "uid" : "605e4cfdc7ff277b",
        "name" : "TC_Login_004_TC_Login_005_TC_Login_006_TC_Login_007_ErrorScenarios[hemanthsridhar92@gmail.com,,Enter Password]",
        "title" : "TC login 004 TC login 005 TC login 006 TC login 007 error scenarios [hemanthsridhar92@gmail.com,,Enter Password]",
        "time" : {
          "start" : 1462547260966,
          "stop" : 1462547262111,
          "duration" : 1145
        },
        "severity" : "NORMAL",
        "status" : "PASSED"
      }, {
        "uid" : "2af402b2dee24724",
        "name" : "TC_Login_004_TC_Login_005_TC_Login_006_TC_Login_007_ErrorScenarios[,hemanth123,Enter User Name]",
        "title" : "TC login 004 TC login 005 TC login 006 TC login 007 error scenarios [,hemanth123,Enter User Name]",
        "time" : {
          "start" : 1462547263939,
          "stop" : 1462547264791,
          "duration" : 852
        },
        "severity" : "NORMAL",
        "status" : "PASSED"
      }, {
        "uid" : "f1c29ad5452b7876",
        "name" : "TC_Login_004_TC_Login_005_TC_Login_006_TC_Login_007_ErrorScenarios[,,Enter User Name & Password]",
        "title" : "TC login 004 TC login 005 TC login 006 TC login 007 error scenarios [,,Enter User Name & Password]",
        "time" : {
          "start" : 1462547266871,
          "stop" : 1462547267735,
          "duration" : 864
        },
        "severity" : "NORMAL",
        "status" : "PASSED"
      }, {
        "uid" : "a9c864fc96222dd3",
        "name" : "TC_Login_004_TC_Login_005_TC_Login_006_TC_Login_007_ErrorScenarios[!!@#@#$$%123…,asdsd,Invalid User Name/Password.]",
        "title" : "TC login 004 TC login 005 TC login 006 TC login 007 error scenarios [!!@#@#$$%123…,asdsd,Invalid User Name/Password.]",
        "time" : {
          "start" : 1462547269499,
          "stop" : 1462547270959,
          "duration" : 1460
        },
        "severity" : "NORMAL",
        "status" : "PASSED"
      }, {
        "uid" : "87c612bf7ccbf7d3",
        "name" : "TC_Login_004_TC_Login_005_TC_Login_006_TC_Login_007_ErrorScenarios[       hemanthsridhar92@gmail.com        ,asdsd,Invalid User Name/Password.]",
        "title" : "TC login 004 TC login 005 TC login 006 TC login 007 error scenarios [       hemanthsridhar92@gmail.com        ,asdsd,Invalid User Name/Password.]",
        "time" : {
          "start" : 1462547272982,
          "stop" : 1462547274450,
          "duration" : 1468
        },
        "severity" : "NORMAL",
        "status" : "PASSED"
      }, {
        "uid" : "3ab242836a46a637",
        "name" : "TC_Login_009_010_RememberPassword_UserNameAndPasswordRefill",
        "title" : "TC login 009 010 remember password user name and password refill",
        "time" : {
          "start" : 1462547276631,
          "stop" : 1462547282952,
          "duration" : 6321
        },
        "severity" : "NORMAL",
        "status" : "PASSED"
      }, {
        "uid" : "617a293f7ac0b992",
        "name" : "TC_Login_011_AutofillLogin",
        "title" : "TC login 011 autofill login",
        "time" : {
          "start" : 1462547285686,
          "stop" : 1462547296577,
          "duration" : 10891
        },
        "severity" : "NORMAL",
        "status" : "PASSED"
      }, {
        "uid" : "2871c9bae56a4c06",
        "name" : "TC_Login_012_uncheckRememberMeWhenInAutoFillForm",
        "title" : "TC login 012 uncheck remember me when in auto fill form",
        "time" : {
          "start" : 1462547299073,
          "stop" : 1462547310609,
          "duration" : 11536
        },
        "severity" : "NORMAL",
        "status" : "PASSED"
      }, {
        "uid" : "591753c951472c8d",
        "name" : "TC_Login_013_myProductGroupLoginPopupRememberMeClickUncheck",
        "title" : "TC login 013 my product group login popup remember me click uncheck",
        "time" : {
          "start" : 1462547312882,
          "stop" : 1462547325691,
          "duration" : 12809
        },
        "severity" : "NORMAL",
        "status" : "PASSED"
      }, {
        "uid" : "b324de66d8a7ace5",
        "name" : "TC_Login_014_myProductGroupLoginPopupRememberMeClickCheck",
        "title" : "TC login 014 my product group login popup remember me click check",
        "time" : {
          "start" : 1462547328182,
          "stop" : 1462547335292,
          "duration" : 7110
        },
        "severity" : "NORMAL",
        "status" : "PASSED"
      }, {
        "uid" : "88ade2d7bfc825ab",
        "name" : "TC_Login_015_rememberMeAsALink",
        "title" : "TC login 015 remember me as A link",
        "time" : {
          "start" : 1462547338397,
          "stop" : 1462547340678,
          "duration" : 2281
        },
        "severity" : "NORMAL",
        "status" : "PASSED"
      }, {
        "uid" : "f5b65282778223a3",
        "name" : "TC_Login_016_TC_Login_017_TC_Login_018_rememberMeCheckboxTest",
        "title" : "TC login 016 TC login 017 TC login 018 remember me checkbox test",
        "time" : {
          "start" : 1462547342604,
          "stop" : 1462547349376,
          "duration" : 6772
        },
        "severity" : "NORMAL",
        "status" : "PASSED"
      }, {
        "uid" : "ae92cad96b1996cc",
        "name" : "TC_Login_020_verifyForgotPasswordPage",
        "title" : "TC login 020 verify forgot password page",
        "time" : {
          "start" : 1462547351680,
          "stop" : 1462547353266,
          "duration" : 1586
        },
        "severity" : "NORMAL",
        "status" : "PASSED"
      } ]
    } ]
  } ]
}