{
  "uid" : "f1c29ad5452b7876",
  "name" : "TC_Login_004_TC_Login_005_TC_Login_006_TC_Login_007_ErrorScenarios[,,Enter User Name & Password]",
  "title" : "TC login 004 TC login 005 TC login 006 TC login 007 error scenarios [,,Enter User Name & Password]",
  "time" : {
    "start" : 1462547266871,
    "stop" : 1462547267735,
    "duration" : 864
  },
  "summary" : {
    "attachments" : 0,
    "steps" : 0
  },
  "failure" : null,
  "description" : null,
  "severity" : "NORMAL",
  "status" : "PASSED",
  "testId" : null,
  "suite" : {
    "uid" : "65bf691c2ffddd35",
    "name" : "EtnaTestAutomationSuite : AutomationTesting",
    "title" : "EtnaTestAutomationSuite : AutomationTesting"
  },
  "steps" : [ ],
  "attachments" : [ ],
  "issues" : [ ],
  "labels" : [ {
    "name" : "host",
    "value" : "BlaBlaBla"
  }, {
    "name" : "thread",
    "value" : "12704@BlaBlaBla.main(1)"
  }, {
    "name" : "suite-name",
    "value" : "EtnaTestAutomationSuite : AutomationTesting"
  }, {
    "name" : "suite-title",
    "value" : "EtnaTestAutomationSuite : AutomationTesting"
  }, {
    "name" : "framework",
    "value" : "TestNG"
  }, {
    "name" : "language",
    "value" : "JAVA"
  } ],
  "parameters" : [ ]
}