{
  "hash" : "e7105c43ada45c9f6e0006854ef1a1d95249231d",
  "plugins" : {
    "total" : {
      "statistic" : {
        "total" : 34,
        "passed" : 18,
        "pending" : 16,
        "canceled" : 0,
        "failed" : 0,
        "broken" : 0
      },
      "time" : {
        "start" : 1462547150091,
        "stop" : 1462547353266,
        "duration" : 203175
      }
    },
    "defects" : {
      "totalCount" : 0,
      "items" : [ ]
    },
    "xunit" : {
      "totalCount" : 1,
      "items" : [ {
        "uid" : "65bf691c2ffddd35",
        "title" : "EtnaTestAutomationSuite : AutomationTesting",
        "statistic" : {
          "total" : 34,
          "passed" : 18,
          "pending" : 16,
          "canceled" : 0,
          "failed" : 0,
          "broken" : 0
        }
      } ]
    },
    "behaviors" : {
      "totalCount" : 1,
      "items" : [ {
        "title" : "Without feature",
        "statistic" : {
          "total" : 34,
          "passed" : 18,
          "pending" : 16,
          "canceled" : 0,
          "failed" : 0,
          "broken" : 0
        }
      } ]
    },
    "environment" : [ ]
  }
}