{
  "uid" : "1d55a0cb3fe7c9b",
  "name" : "TC_categories_001_TC_categories_006_TC_categories_007_TC_categories_008",
  "title" : "TC categories 001 TC categories 006 TC categories 007 TC categories 008",
  "time" : {
    "start" : 1462547541813,
    "stop" : 1462547545692,
    "duration" : 3879
  },
  "summary" : {
    "attachments" : 0,
    "steps" : 0
  },
  "failure" : {
    "message" : "AssertionError: category name is not the same as it was in the dropdown. The name in the category list is :  and the name in the category page is TOOLS & EQUIPMENTS. expected [true] but found [false]",
    "stackTrace" : "java.lang.AssertionError: category name is not the same as it was in the dropdown. The name in the category list is :  and the name in the category page is TOOLS & EQUIPMENTS. expected [true] but found [false]\n\tat org.testng.Assert.fail(Assert.java:94)\n\tat org.testng.Assert.failNotEquals(Assert.java:513)\n\tat org.testng.Assert.assertTrue(Assert.java:42)\n\tat org.etna.customer.pageobjects.ProductPageObjects.verifyNamesOfAllTheCategoriesInListAndInPage(ProductPageObjects.java:55)\n\tat org.etna.testdefinitions.CategoryModuleTest.TC_categories_001_TC_categories_006_TC_categories_007_TC_categories_008(CategoryModuleTest.java:24)\n\tat org.etna.testdeclarations.TestDeclarations.TC_categories_001_TC_categories_006_TC_categories_007_TC_categories_008(TestDeclarations.java:81)\n\tat sun.reflect.NativeMethodAccessorImpl.invoke0(Native Method)\n\tat sun.reflect.NativeMethodAccessorImpl.invoke(Unknown Source)\n\tat sun.reflect.DelegatingMethodAccessorImpl.invoke(Unknown Source)\n\tat java.lang.reflect.Method.invoke(Unknown Source)\n\tat org.testng.internal.MethodInvocationHelper.invokeMethod(MethodInvocationHelper.java:86)\n\tat org.testng.internal.MethodInvocationHelper$1.runTestMethod(MethodInvocationHelper.java:197)\n\tat org.etna.maincontroller.MainController.run(MainController.java:369)\n\tat org.testng.internal.MethodInvocationHelper.invokeHookable(MethodInvocationHelper.java:209)\n\tat org.testng.internal.Invoker.invokeMethod(Invoker.java:641)\n\tat org.testng.internal.Invoker.invokeTestMethod(Invoker.java:822)\n\tat org.testng.internal.Invoker.invokeTestMethods(Invoker.java:1130)\n\tat org.testng.internal.TestMethodWorker.invokeTestMethods(TestMethodWorker.java:129)\n\tat org.testng.internal.TestMethodWorker.run(TestMethodWorker.java:112)\n\tat org.testng.TestRunner.privateRun(TestRunner.java:782)\n\tat org.testng.TestRunner.run(TestRunner.java:632)\n\tat org.testng.SuiteRunner.runTest(SuiteRunner.java:366)\n\tat org.testng.SuiteRunner.runSequentially(SuiteRunner.java:361)\n\tat org.testng.SuiteRunner.privateRun(SuiteRunner.java:319)\n\tat org.testng.SuiteRunner.run(SuiteRunner.java:268)\n\tat org.testng.SuiteRunnerWorker.runSuite(SuiteRunnerWorker.java:52)\n\tat org.testng.SuiteRunnerWorker.run(SuiteRunnerWorker.java:86)\n\tat org.testng.TestNG.runSuitesSequentially(TestNG.java:1244)\n\tat org.testng.TestNG.runSuitesLocally(TestNG.java:1169)\n\tat org.testng.TestNG.run(TestNG.java:1064)\n\tat org.testng.remote.RemoteTestNG.run(RemoteTestNG.java:113)\n\tat org.testng.remote.RemoteTestNG.initAndRun(RemoteTestNG.java:206)\n\tat org.testng.remote.RemoteTestNG.main(RemoteTestNG.java:177)\n"
  },
  "description" : {
    "value" : "Verification of breadcrumbs, Verification of Page Title, Verification of Page Name, Verification of categories in filter is displayed in the page ",
    "type" : "TEXT"
  },
  "severity" : "NORMAL",
  "status" : "FAILED",
  "testId" : null,
  "suite" : {
    "uid" : "de47eb634482942",
    "name" : "EtnaTestAutomationSuite : AutomationTesting",
    "title" : "EtnaTestAutomationSuite : AutomationTesting"
  },
  "steps" : [ ],
  "attachments" : [ ],
  "issues" : [ ],
  "labels" : [ {
    "name" : "host",
    "value" : "BlaBlaBla"
  }, {
    "name" : "thread",
    "value" : "12548@BlaBlaBla.main(1)"
  }, {
    "name" : "suite-name",
    "value" : "EtnaTestAutomationSuite : AutomationTesting"
  }, {
    "name" : "suite-title",
    "value" : "EtnaTestAutomationSuite : AutomationTesting"
  }, {
    "name" : "framework",
    "value" : "TestNG"
  }, {
    "name" : "language",
    "value" : "JAVA"
  } ],
  "parameters" : [ ]
}