{
  "uid" : "21d80a5bc3f5e2a1",
  "name" : "TC_APA_003_addNewPurchasingAgent_GeneralUser",
  "title" : "TC APA 003 add new purchasing agent general user",
  "time" : {
    "start" : 1462547526172,
    "stop" : 1462547526172,
    "duration" : 0
  },
  "summary" : {
    "attachments" : 0,
    "steps" : 0
  },
  "failure" : {
    "message" : "Test not implemented yet",
    "stackTrace" : "There are no stack trace"
  },
  "description" : null,
  "severity" : "NORMAL",
  "status" : "PENDING",
  "testId" : null,
  "suite" : {
    "uid" : "de47eb634482942",
    "name" : "EtnaTestAutomationSuite : AutomationTesting",
    "title" : "EtnaTestAutomationSuite : AutomationTesting"
  },
  "steps" : [ ],
  "attachments" : [ ],
  "issues" : [ ],
  "labels" : [ {
    "name" : "host",
    "value" : "BlaBlaBla"
  }, {
    "name" : "thread",
    "value" : "12548@BlaBlaBla.main(1)"
  }, {
    "name" : "suite-name",
    "value" : "EtnaTestAutomationSuite : AutomationTesting"
  }, {
    "name" : "suite-title",
    "value" : "EtnaTestAutomationSuite : AutomationTesting"
  }, {
    "name" : "framework",
    "value" : "TestNG"
  }, {
    "name" : "language",
    "value" : "JAVA"
  } ],
  "parameters" : [ ]
}