{
  "features" : [ {
    "title" : "Without feature",
    "statistic" : {
      "total" : 56,
      "passed" : 23,
      "pending" : 32,
      "canceled" : 0,
      "failed" : 1,
      "broken" : 0
    },
    "stories" : [ {
      "uid" : "b7b813a2a7323f55",
      "title" : "Without story",
      "statistic" : {
        "total" : 56,
        "passed" : 23,
        "pending" : 32,
        "canceled" : 0,
        "failed" : 1,
        "broken" : 0
      },
      "testCases" : [ {
        "uid" : "a3a281c0c08d4280",
        "name" : "TS_Login_001_TC_Login_008_Verify_Tab_focus",
        "title" : "TS login 001 TC login 008 verify tab focus",
        "time" : {
          "start" : 1462547150091,
          "stop" : 1462547150107,
          "duration" : 16
        },
        "severity" : "NORMAL",
        "status" : "PENDING"
      }, {
        "uid" : "721c76c3c214e1d",
        "name" : "TC_PDP_009_TC_PDP_010_ShareFunctionalityTest",
        "title" : "TC PDP 009 TC PDP 010 share functionality test",
        "time" : {
          "start" : 1462547150107,
          "stop" : 1462547150107,
          "duration" : 0
        },
        "severity" : "NORMAL",
        "status" : "PENDING"
      }, {
        "uid" : "69a8f0fc9a6d771e",
        "name" : "TC_APA_004_generalUserLoginCheckoutButtonNotDisplayedInCart",
        "title" : "TC APA 004 general user login checkout button not displayed in cart",
        "time" : {
          "start" : 1462547150107,
          "stop" : 1462547150107,
          "duration" : 0
        },
        "severity" : "NORMAL",
        "status" : "PENDING"
      }, {
        "uid" : "5b322339face13dd",
        "name" : "TC_PDP_008_PrintFunctionalityTest",
        "title" : "TC PDP 008 print functionality test",
        "time" : {
          "start" : 1462547150107,
          "stop" : 1462547150107,
          "duration" : 0
        },
        "severity" : "NORMAL",
        "status" : "PENDING"
      }, {
        "uid" : "b3802f4dabb0c556",
        "name" : "tc008_verifyHomePage",
        "title" : "Tc 008 verify home page",
        "time" : {
          "start" : 1462547150107,
          "stop" : 1462547150107,
          "duration" : 0
        },
        "severity" : "NORMAL",
        "status" : "PENDING"
      }, {
        "uid" : "7139294424bbba9a",
        "name" : "TC_APA_003_addNewPurchasingAgent_GeneralUser",
        "title" : "TC APA 003 add new purchasing agent general user",
        "time" : {
          "start" : 1462547150107,
          "stop" : 1462547150107,
          "duration" : 0
        },
        "severity" : "NORMAL",
        "status" : "PENDING"
      }, {
        "uid" : "5364f83f5ac18728",
        "name" : "TC_Login_021_loginVerifyOrderTopToBottom",
        "title" : "TC login 021 login verify order top to bottom",
        "time" : {
          "start" : 1462547150107,
          "stop" : 1462547150107,
          "duration" : 0
        },
        "severity" : "NORMAL",
        "status" : "PENDING"
      }, {
        "uid" : "dfec3bfd4227dac8",
        "name" : "TC_ShoppingCart_004_signedUser_ShoppingCartQuanitityUpdateWithZero",
        "title" : "TC shopping cart 004 signed user shopping cart quanitity update with zero",
        "time" : {
          "start" : 1462547150107,
          "stop" : 1462547150107,
          "duration" : 0
        },
        "severity" : "NORMAL",
        "status" : "PENDING"
      }, {
        "uid" : "abd1e030fba8c6ae",
        "name" : "TC_ShoppingCart_012_saveCart_ClickOnCofirmationPopup",
        "title" : "TC shopping cart 012 save cart click on cofirmation popup",
        "time" : {
          "start" : 1462547150107,
          "stop" : 1462547150107,
          "duration" : 0
        },
        "severity" : "NORMAL",
        "status" : "PENDING"
      }, {
        "uid" : "65120c895710f50b",
        "name" : "TC_ShoppingCart_011_CreateAndDeleteSaveCart",
        "title" : "TC shopping cart 011 create and delete save cart",
        "time" : {
          "start" : 1462547150107,
          "stop" : 1462547150107,
          "duration" : 0
        },
        "severity" : "NORMAL",
        "status" : "PENDING"
      }, {
        "uid" : "7d46f28f73547912",
        "name" : "TC_APA_007",
        "title" : "TC APA 007",
        "time" : {
          "start" : 1462547150107,
          "stop" : 1462547150107,
          "duration" : 0
        },
        "severity" : "NORMAL",
        "status" : "PENDING"
      }, {
        "uid" : "f0d34a113e352100",
        "name" : "TC_APA_006",
        "title" : "TC APA 006",
        "time" : {
          "start" : 1462547150107,
          "stop" : 1462547150107,
          "duration" : 0
        },
        "severity" : "NORMAL",
        "status" : "PENDING"
      }, {
        "uid" : "65aec19453befca5",
        "name" : "TC_Login_019_verifyRegisterPage",
        "title" : "TC login 019 verify register page",
        "time" : {
          "start" : 1462547150107,
          "stop" : 1462547150107,
          "duration" : 0
        },
        "severity" : "NORMAL",
        "status" : "PENDING"
      }, {
        "uid" : "e7a62c754581705f",
        "name" : "TC_ShoppingCart_018_sortByDropdownListValues",
        "title" : "TC shopping cart 018 sort by dropdown list values",
        "time" : {
          "start" : 1462547150107,
          "stop" : 1462547150107,
          "duration" : 0
        },
        "severity" : "NORMAL",
        "status" : "PENDING"
      }, {
        "uid" : "46d8b97cb92f0ed7",
        "name" : "TC_APA_005_addNewPurchasingAgent_APA",
        "title" : "TC APA 005 add new purchasing agent APA",
        "time" : {
          "start" : 1462547150107,
          "stop" : 1462547150107,
          "duration" : 0
        },
        "severity" : "NORMAL",
        "status" : "PENDING"
      }, {
        "uid" : "17b465b1d540b8c5",
        "name" : "TC_PDP_013_signedUser_tryingToCreateCPNInProductDetailsPage_ErrorScenariosTest",
        "title" : "TC PDP 013 signed user trying to create CPN in product details page error scenarios test",
        "time" : {
          "start" : 1462547150107,
          "stop" : 1462547150107,
          "duration" : 0
        },
        "severity" : "NORMAL",
        "status" : "PENDING"
      }, {
        "uid" : "d7d49e252ed86ef5",
        "name" : "TC_Login_001_AsASuperUser_PurchaseAgent_GeneralUser[webuser@unilogcorp.com,123456789,Super User User]",
        "title" : "TC login 001 as A super user purchase agent general user [webuser@unilogcorp.com,123456789,Super User User]",
        "time" : {
          "start" : 1462547169673,
          "stop" : 1462547235491,
          "duration" : 65818
        },
        "severity" : "NORMAL",
        "status" : "PASSED"
      }, {
        "uid" : "ae56559db06cbefc",
        "name" : "TC_Login_001_AsASuperUser_PurchaseAgent_GeneralUser[newpurchaseagent@unilogcorp.com,123456789,Test Agent Test]",
        "title" : "TC login 001 as A super user purchase agent general user [newpurchaseagent@unilogcorp.com,123456789,Test Agent Test]",
        "time" : {
          "start" : 1462547237596,
          "stop" : 1462547241341,
          "duration" : 3745
        },
        "severity" : "NORMAL",
        "status" : "PASSED"
      }, {
        "uid" : "d6b5ae4d8789db0f",
        "name" : "TC_Login_001_AsASuperUser_PurchaseAgent_GeneralUser[generaluser2@unilogcorp.com,123456789,General User Test User]",
        "title" : "TC login 001 as A super user purchase agent general user [generaluser2@unilogcorp.com,123456789,General User Test User]",
        "time" : {
          "start" : 1462547243578,
          "stop" : 1462547248935,
          "duration" : 5357
        },
        "severity" : "NORMAL",
        "status" : "PASSED"
      }, {
        "uid" : "63a1e32687300cca",
        "name" : "TC_Login_001_TC_Login_002_TC_Login_024_TC_Login_025_TC_Login_026_TC_Login_027",
        "title" : "TC login 001 TC login 002 TC login 024 TC login 025 TC login 026 TC login 027",
        "time" : {
          "start" : 1462547250920,
          "stop" : 1462547255040,
          "duration" : 4120
        },
        "severity" : "NORMAL",
        "status" : "PASSED"
      }, {
        "uid" : "da746a040a4a7e92",
        "name" : "TC_Login_004_TC_Login_005_TC_Login_006_TC_Login_007_ErrorScenarios[hemanthsridhar92@gmail.com,zasdasdsa,Invalid User Name/Password.]",
        "title" : "TC login 004 TC login 005 TC login 006 TC login 007 error scenarios [hemanthsridhar92@gmail.com,zasdasdsa,Invalid User Name/Password.]",
        "time" : {
          "start" : 1462547257169,
          "stop" : 1462547258800,
          "duration" : 1631
        },
        "severity" : "NORMAL",
        "status" : "PASSED"
      }, {
        "uid" : "b93c8e535c732ff2",
        "name" : "TC_Login_004_TC_Login_005_TC_Login_006_TC_Login_007_ErrorScenarios[hemanthsridhar92@gmail.com,,Enter Password]",
        "title" : "TC login 004 TC login 005 TC login 006 TC login 007 error scenarios [hemanthsridhar92@gmail.com,,Enter Password]",
        "time" : {
          "start" : 1462547260966,
          "stop" : 1462547262111,
          "duration" : 1145
        },
        "severity" : "NORMAL",
        "status" : "PASSED"
      }, {
        "uid" : "b28ad39611ec52ba",
        "name" : "TC_Login_004_TC_Login_005_TC_Login_006_TC_Login_007_ErrorScenarios[,hemanth123,Enter User Name]",
        "title" : "TC login 004 TC login 005 TC login 006 TC login 007 error scenarios [,hemanth123,Enter User Name]",
        "time" : {
          "start" : 1462547263939,
          "stop" : 1462547264791,
          "duration" : 852
        },
        "severity" : "NORMAL",
        "status" : "PASSED"
      }, {
        "uid" : "1b6ab504edd3fdb7",
        "name" : "TC_Login_004_TC_Login_005_TC_Login_006_TC_Login_007_ErrorScenarios[,,Enter User Name & Password]",
        "title" : "TC login 004 TC login 005 TC login 006 TC login 007 error scenarios [,,Enter User Name & Password]",
        "time" : {
          "start" : 1462547266871,
          "stop" : 1462547267735,
          "duration" : 864
        },
        "severity" : "NORMAL",
        "status" : "PASSED"
      }, {
        "uid" : "79b876069d987ffc",
        "name" : "TC_Login_004_TC_Login_005_TC_Login_006_TC_Login_007_ErrorScenarios[!!@#@#$$%123…,asdsd,Invalid User Name/Password.]",
        "title" : "TC login 004 TC login 005 TC login 006 TC login 007 error scenarios [!!@#@#$$%123…,asdsd,Invalid User Name/Password.]",
        "time" : {
          "start" : 1462547269499,
          "stop" : 1462547270959,
          "duration" : 1460
        },
        "severity" : "NORMAL",
        "status" : "PASSED"
      }, {
        "uid" : "f8d28022e598853c",
        "name" : "TC_Login_004_TC_Login_005_TC_Login_006_TC_Login_007_ErrorScenarios[       hemanthsridhar92@gmail.com        ,asdsd,Invalid User Name/Password.]",
        "title" : "TC login 004 TC login 005 TC login 006 TC login 007 error scenarios [       hemanthsridhar92@gmail.com        ,asdsd,Invalid User Name/Password.]",
        "time" : {
          "start" : 1462547272982,
          "stop" : 1462547274450,
          "duration" : 1468
        },
        "severity" : "NORMAL",
        "status" : "PASSED"
      }, {
        "uid" : "1bc3637ca36c281c",
        "name" : "TC_Login_009_010_RememberPassword_UserNameAndPasswordRefill",
        "title" : "TC login 009 010 remember password user name and password refill",
        "time" : {
          "start" : 1462547276631,
          "stop" : 1462547282952,
          "duration" : 6321
        },
        "severity" : "NORMAL",
        "status" : "PASSED"
      }, {
        "uid" : "8e5ab8b96f46bb35",
        "name" : "TC_Login_011_AutofillLogin",
        "title" : "TC login 011 autofill login",
        "time" : {
          "start" : 1462547285686,
          "stop" : 1462547296577,
          "duration" : 10891
        },
        "severity" : "NORMAL",
        "status" : "PASSED"
      }, {
        "uid" : "cbfc1ced3bbb8c02",
        "name" : "TC_Login_012_uncheckRememberMeWhenInAutoFillForm",
        "title" : "TC login 012 uncheck remember me when in auto fill form",
        "time" : {
          "start" : 1462547299073,
          "stop" : 1462547310609,
          "duration" : 11536
        },
        "severity" : "NORMAL",
        "status" : "PASSED"
      }, {
        "uid" : "d2a4740078183550",
        "name" : "TC_Login_013_myProductGroupLoginPopupRememberMeClickUncheck",
        "title" : "TC login 013 my product group login popup remember me click uncheck",
        "time" : {
          "start" : 1462547312882,
          "stop" : 1462547325691,
          "duration" : 12809
        },
        "severity" : "NORMAL",
        "status" : "PASSED"
      }, {
        "uid" : "f1eeb498c92276b1",
        "name" : "TC_Login_014_myProductGroupLoginPopupRememberMeClickCheck",
        "title" : "TC login 014 my product group login popup remember me click check",
        "time" : {
          "start" : 1462547328182,
          "stop" : 1462547335292,
          "duration" : 7110
        },
        "severity" : "NORMAL",
        "status" : "PASSED"
      }, {
        "uid" : "74c7d23b7ccebf39",
        "name" : "TC_Login_015_rememberMeAsALink",
        "title" : "TC login 015 remember me as A link",
        "time" : {
          "start" : 1462547338397,
          "stop" : 1462547340678,
          "duration" : 2281
        },
        "severity" : "NORMAL",
        "status" : "PASSED"
      }, {
        "uid" : "bb45d97d4088d26",
        "name" : "TC_Login_016_TC_Login_017_TC_Login_018_rememberMeCheckboxTest",
        "title" : "TC login 016 TC login 017 TC login 018 remember me checkbox test",
        "time" : {
          "start" : 1462547342604,
          "stop" : 1462547349376,
          "duration" : 6772
        },
        "severity" : "NORMAL",
        "status" : "PASSED"
      }, {
        "uid" : "fdf7bcaeb45c02e1",
        "name" : "TC_Login_020_verifyForgotPasswordPage",
        "title" : "TC login 020 verify forgot password page",
        "time" : {
          "start" : 1462547351680,
          "stop" : 1462547353266,
          "duration" : 1586
        },
        "severity" : "NORMAL",
        "status" : "PASSED"
      }, {
        "uid" : "724580e99b0b0bb8",
        "name" : "TS_Login_001_TC_Login_008_Verify_Tab_focus",
        "title" : "TS login 001 TC login 008 verify tab focus",
        "time" : {
          "start" : 1462547526172,
          "stop" : 1462547526172,
          "duration" : 0
        },
        "severity" : "NORMAL",
        "status" : "PENDING"
      }, {
        "uid" : "1aa797331a3aba19",
        "name" : "TC_PDP_009_TC_PDP_010_ShareFunctionalityTest",
        "title" : "TC PDP 009 TC PDP 010 share functionality test",
        "time" : {
          "start" : 1462547526172,
          "stop" : 1462547526172,
          "duration" : 0
        },
        "severity" : "NORMAL",
        "status" : "PENDING"
      }, {
        "uid" : "eb6329e760e57f84",
        "name" : "TC_APA_004_generalUserLoginCheckoutButtonNotDisplayedInCart",
        "title" : "TC APA 004 general user login checkout button not displayed in cart",
        "time" : {
          "start" : 1462547526172,
          "stop" : 1462547526172,
          "duration" : 0
        },
        "severity" : "NORMAL",
        "status" : "PENDING"
      }, {
        "uid" : "553996e71d95e395",
        "name" : "TC_PDP_008_PrintFunctionalityTest",
        "title" : "TC PDP 008 print functionality test",
        "time" : {
          "start" : 1462547526172,
          "stop" : 1462547526172,
          "duration" : 0
        },
        "severity" : "NORMAL",
        "status" : "PENDING"
      }, {
        "uid" : "797dc597960f93a3",
        "name" : "tc008_verifyHomePage",
        "title" : "Tc 008 verify home page",
        "time" : {
          "start" : 1462547526172,
          "stop" : 1462547526172,
          "duration" : 0
        },
        "severity" : "NORMAL",
        "status" : "PENDING"
      }, {
        "uid" : "21d80a5bc3f5e2a1",
        "name" : "TC_APA_003_addNewPurchasingAgent_GeneralUser",
        "title" : "TC APA 003 add new purchasing agent general user",
        "time" : {
          "start" : 1462547526172,
          "stop" : 1462547526172,
          "duration" : 0
        },
        "severity" : "NORMAL",
        "status" : "PENDING"
      }, {
        "uid" : "69088f4f7ff26c46",
        "name" : "TC_Login_021_loginVerifyOrderTopToBottom",
        "title" : "TC login 021 login verify order top to bottom",
        "time" : {
          "start" : 1462547526172,
          "stop" : 1462547526172,
          "duration" : 0
        },
        "severity" : "NORMAL",
        "status" : "PENDING"
      }, {
        "uid" : "7f0e0b0432594e03",
        "name" : "TC_ShoppingCart_004_signedUser_ShoppingCartQuanitityUpdateWithZero",
        "title" : "TC shopping cart 004 signed user shopping cart quanitity update with zero",
        "time" : {
          "start" : 1462547526172,
          "stop" : 1462547526172,
          "duration" : 0
        },
        "severity" : "NORMAL",
        "status" : "PENDING"
      }, {
        "uid" : "1fc9ce7348a15b19",
        "name" : "TC_ShoppingCart_012_saveCart_ClickOnCofirmationPopup",
        "title" : "TC shopping cart 012 save cart click on cofirmation popup",
        "time" : {
          "start" : 1462547526172,
          "stop" : 1462547526172,
          "duration" : 0
        },
        "severity" : "NORMAL",
        "status" : "PENDING"
      }, {
        "uid" : "db7b8925faa0891e",
        "name" : "TC_ShoppingCart_011_CreateAndDeleteSaveCart",
        "title" : "TC shopping cart 011 create and delete save cart",
        "time" : {
          "start" : 1462547526172,
          "stop" : 1462547526172,
          "duration" : 0
        },
        "severity" : "NORMAL",
        "status" : "PENDING"
      }, {
        "uid" : "2db17c1a8a973538",
        "name" : "TC_APA_007",
        "title" : "TC APA 007",
        "time" : {
          "start" : 1462547526172,
          "stop" : 1462547526172,
          "duration" : 0
        },
        "severity" : "NORMAL",
        "status" : "PENDING"
      }, {
        "uid" : "8699e50b333c8106",
        "name" : "TC_APA_006",
        "title" : "TC APA 006",
        "time" : {
          "start" : 1462547526172,
          "stop" : 1462547526172,
          "duration" : 0
        },
        "severity" : "NORMAL",
        "status" : "PENDING"
      }, {
        "uid" : "2ad0f45768a28b22",
        "name" : "TC_Login_019_verifyRegisterPage",
        "title" : "TC login 019 verify register page",
        "time" : {
          "start" : 1462547526172,
          "stop" : 1462547526172,
          "duration" : 0
        },
        "severity" : "NORMAL",
        "status" : "PENDING"
      }, {
        "uid" : "238b4ac67f35a627",
        "name" : "TC_ShoppingCart_018_sortByDropdownListValues",
        "title" : "TC shopping cart 018 sort by dropdown list values",
        "time" : {
          "start" : 1462547526172,
          "stop" : 1462547526172,
          "duration" : 0
        },
        "severity" : "NORMAL",
        "status" : "PENDING"
      }, {
        "uid" : "a38052d96ac4a233",
        "name" : "TC_APA_005_addNewPurchasingAgent_APA",
        "title" : "TC APA 005 add new purchasing agent APA",
        "time" : {
          "start" : 1462547526172,
          "stop" : 1462547526172,
          "duration" : 0
        },
        "severity" : "NORMAL",
        "status" : "PENDING"
      }, {
        "uid" : "7175cebad7735254",
        "name" : "TC_PDP_013_signedUser_tryingToCreateCPNInProductDetailsPage_ErrorScenariosTest",
        "title" : "TC PDP 013 signed user trying to create CPN in product details page error scenarios test",
        "time" : {
          "start" : 1462547526172,
          "stop" : 1462547526172,
          "duration" : 0
        },
        "severity" : "NORMAL",
        "status" : "PENDING"
      }, {
        "uid" : "1d55a0cb3fe7c9b",
        "name" : "TC_categories_001_TC_categories_006_TC_categories_007_TC_categories_008",
        "title" : "TC categories 001 TC categories 006 TC categories 007 TC categories 008",
        "time" : {
          "start" : 1462547541813,
          "stop" : 1462547545692,
          "duration" : 3879
        },
        "severity" : "NORMAL",
        "status" : "FAILED"
      }, {
        "uid" : "554256ef45aaa5d9",
        "name" : "TC_categories_002",
        "title" : "TC categories 002",
        "time" : {
          "start" : 1462547547696,
          "stop" : 1462547554580,
          "duration" : 6884
        },
        "severity" : "NORMAL",
        "status" : "PASSED"
      }, {
        "uid" : "acb47d6dd9aa3d7a",
        "name" : "TC_categories_003_navigateProductDetailsPage",
        "title" : "TC categories 003 navigate product details page",
        "time" : {
          "start" : 1462547557121,
          "stop" : 1462547569648,
          "duration" : 12527
        },
        "severity" : "NORMAL",
        "status" : "PASSED"
      }, {
        "uid" : "b34ce671b7642120",
        "name" : "TC_categories_003_navigateProductListPage",
        "title" : "TC categories 003 navigate product list page",
        "time" : {
          "start" : 1462547571758,
          "stop" : 1462547581523,
          "duration" : 9765
        },
        "severity" : "NORMAL",
        "status" : "PASSED"
      }, {
        "uid" : "d63a5f087a3f8682",
        "name" : "TC_categories_004_verifyBanners",
        "title" : "TC categories 004 verify banners",
        "time" : {
          "start" : 1462547583599,
          "stop" : 1462547587951,
          "duration" : 4352
        },
        "severity" : "NORMAL",
        "status" : "PASSED"
      }, {
        "uid" : "fb337371b42f121",
        "name" : "TC_categories_005_ClickingOnImages",
        "title" : "TC categories 005 clicking on images",
        "time" : {
          "start" : 1462547590099,
          "stop" : 1462547594029,
          "duration" : 3930
        },
        "severity" : "NORMAL",
        "status" : "PASSED"
      } ]
    } ]
  } ]
}