{
  "defectsList" : [ {
    "title" : "Product defects",
    "status" : "FAILED",
    "defects" : [ {
      "uid" : "d6730120c5ea65a8",
      "failure" : {
        "message" : "AssertionError: category name is not the same as it was in the dropdown. The name in the category list is :  and the name in the category page is TOOLS & EQUIPMENTS. expected [true] but found [false]",
        "stackTrace" : "java.lang.AssertionError: category name is not the same as it was in the dropdown. The name in the category list is :  and the name in the category page is TOOLS & EQUIPMENTS. expected [true] but found [false]\n\tat org.testng.Assert.fail(Assert.java:94)\n\tat org.testng.Assert.failNotEquals(Assert.java:513)\n\tat org.testng.Assert.assertTrue(Assert.java:42)\n\tat org.etna.customer.pageobjects.ProductPageObjects.verifyNamesOfAllTheCategoriesInListAndInPage(ProductPageObjects.java:55)\n\tat org.etna.testdefinitions.CategoryModuleTest.TC_categories_001_TC_categories_006_TC_categories_007_TC_categories_008(CategoryModuleTest.java:24)\n\tat org.etna.testdeclarations.TestDeclarations.TC_categories_001_TC_categories_006_TC_categories_007_TC_categories_008(TestDeclarations.java:81)\n\tat sun.reflect.NativeMethodAccessorImpl.invoke0(Native Method)\n\tat sun.reflect.NativeMethodAccessorImpl.invoke(Unknown Source)\n\tat sun.reflect.DelegatingMethodAccessorImpl.invoke(Unknown Source)\n\tat java.lang.reflect.Method.invoke(Unknown Source)\n\tat org.testng.internal.MethodInvocationHelper.invokeMethod(MethodInvocationHelper.java:86)\n\tat org.testng.internal.MethodInvocationHelper$1.runTestMethod(MethodInvocationHelper.java:197)\n\tat org.etna.maincontroller.MainController.run(MainController.java:369)\n\tat org.testng.internal.MethodInvocationHelper.invokeHookable(MethodInvocationHelper.java:209)\n\tat org.testng.internal.Invoker.invokeMethod(Invoker.java:641)\n\tat org.testng.internal.Invoker.invokeTestMethod(Invoker.java:822)\n\tat org.testng.internal.Invoker.invokeTestMethods(Invoker.java:1130)\n\tat org.testng.internal.TestMethodWorker.invokeTestMethods(TestMethodWorker.java:129)\n\tat org.testng.internal.TestMethodWorker.run(TestMethodWorker.java:112)\n\tat org.testng.TestRunner.privateRun(TestRunner.java:782)\n\tat org.testng.TestRunner.run(TestRunner.java:632)\n\tat org.testng.SuiteRunner.runTest(SuiteRunner.java:366)\n\tat org.testng.SuiteRunner.runSequentially(SuiteRunner.java:361)\n\tat org.testng.SuiteRunner.privateRun(SuiteRunner.java:319)\n\tat org.testng.SuiteRunner.run(SuiteRunner.java:268)\n\tat org.testng.SuiteRunnerWorker.runSuite(SuiteRunnerWorker.java:52)\n\tat org.testng.SuiteRunnerWorker.run(SuiteRunnerWorker.java:86)\n\tat org.testng.TestNG.runSuitesSequentially(TestNG.java:1244)\n\tat org.testng.TestNG.runSuitesLocally(TestNG.java:1169)\n\tat org.testng.TestNG.run(TestNG.java:1064)\n\tat org.testng.remote.RemoteTestNG.run(RemoteTestNG.java:113)\n\tat org.testng.remote.RemoteTestNG.initAndRun(RemoteTestNG.java:206)\n\tat org.testng.remote.RemoteTestNG.main(RemoteTestNG.java:177)\n"
      },
      "testCases" : [ {
        "uid" : "1d55a0cb3fe7c9b",
        "name" : "TC_categories_001_TC_categories_006_TC_categories_007_TC_categories_008",
        "title" : "TC categories 001 TC categories 006 TC categories 007 TC categories 008",
        "time" : {
          "start" : 1462547541813,
          "stop" : 1462547545692,
          "duration" : 3879
        },
        "severity" : "NORMAL",
        "status" : "FAILED"
      } ]
    } ]
  }, {
    "title" : "Test defects",
    "status" : "BROKEN",
    "defects" : [ ]
  } ]
}