{
  "hash" : "e7105c43ada45c9f6e0006854ef1a1d95249231d",
  "plugins" : {
    "total" : {
      "statistic" : {
        "total" : 56,
        "passed" : 23,
        "pending" : 32,
        "canceled" : 0,
        "failed" : 1,
        "broken" : 0
      },
      "time" : {
        "start" : 1462547150091,
        "stop" : 1462547594029,
        "duration" : 443938
      }
    },
    "defects" : {
      "totalCount" : 1,
      "items" : [ {
        "count" : 1,
        "uid" : "d6730120c5ea65a8",
        "message" : "AssertionError: category name is not the same as it was in the dropdown. The name in the category list is :  and the name in the category page is TOOLS & EQUIPMENTS. expected [true] but found [false]",
        "status" : "FAILED"
      } ]
    },
    "xunit" : {
      "totalCount" : 1,
      "items" : [ {
        "uid" : "de47eb634482942",
        "title" : "EtnaTestAutomationSuite : AutomationTesting",
        "statistic" : {
          "total" : 56,
          "passed" : 23,
          "pending" : 32,
          "canceled" : 0,
          "failed" : 1,
          "broken" : 0
        }
      } ]
    },
    "behaviors" : {
      "totalCount" : 1,
      "items" : [ {
        "title" : "Without feature",
        "statistic" : {
          "total" : 56,
          "passed" : 23,
          "pending" : 32,
          "canceled" : 0,
          "failed" : 1,
          "broken" : 0
        }
      } ]
    },
    "environment" : [ ]
  }
}