{
  "uid" : "418885c91297f055",
  "name" : "TC_APA_004_generalUserLoginCheckoutButtonNotDisplayedInCart",
  "title" : "TC APA 004 general user login checkout button not displayed in cart",
  "time" : {
    "start" : 1462548888192,
    "stop" : 1462548888192,
    "duration" : 0
  },
  "summary" : {
    "attachments" : 0,
    "steps" : 0
  },
  "failure" : {
    "message" : "Test not implemented yet",
    "stackTrace" : "There are no stack trace"
  },
  "description" : null,
  "severity" : "NORMAL",
  "status" : "PENDING",
  "testId" : null,
  "suite" : {
    "uid" : "34a536ad09a79f64",
    "name" : "EtnaTestAutomationSuite : AutomationTesting",
    "title" : "EtnaTestAutomationSuite : AutomationTesting"
  },
  "steps" : [ ],
  "attachments" : [ ],
  "issues" : [ ],
  "labels" : [ {
    "name" : "host",
    "value" : "BlaBlaBla"
  }, {
    "name" : "thread",
    "value" : "12660@BlaBlaBla.main(1)"
  }, {
    "name" : "suite-name",
    "value" : "EtnaTestAutomationSuite : AutomationTesting"
  }, {
    "name" : "suite-title",
    "value" : "EtnaTestAutomationSuite : AutomationTesting"
  }, {
    "name" : "framework",
    "value" : "TestNG"
  }, {
    "name" : "language",
    "value" : "JAVA"
  } ],
  "parameters" : [ ]
}