{
  "testCases" : [ {
    "uid" : "a9e97a6419f35821",
    "name" : "TS_Login_001_TC_Login_008_Verify_Tab_focus",
    "title" : "TS login 001 TC login 008 verify tab focus",
    "time" : {
      "start" : 1462548888182,
      "stop" : 1462548888191,
      "duration" : 9
    },
    "severity" : "NORMAL",
    "status" : "PENDING"
  }, {
    "uid" : "55ae3841cfa8065e",
    "name" : "TC_PDP_009_TC_PDP_010_ShareFunctionalityTest",
    "title" : "TC PDP 009 TC PDP 010 share functionality test",
    "time" : {
      "start" : 1462548888192,
      "stop" : 1462548888192,
      "duration" : 0
    },
    "severity" : "NORMAL",
    "status" : "PENDING"
  }, {
    "uid" : "418885c91297f055",
    "name" : "TC_APA_004_generalUserLoginCheckoutButtonNotDisplayedInCart",
    "title" : "TC APA 004 general user login checkout button not displayed in cart",
    "time" : {
      "start" : 1462548888192,
      "stop" : 1462548888192,
      "duration" : 0
    },
    "severity" : "NORMAL",
    "status" : "PENDING"
  }, {
    "uid" : "3d36b2726aeb25bd",
    "name" : "TC_PDP_008_PrintFunctionalityTest",
    "title" : "TC PDP 008 print functionality test",
    "time" : {
      "start" : 1462548888192,
      "stop" : 1462548888192,
      "duration" : 0
    },
    "severity" : "NORMAL",
    "status" : "PENDING"
  }, {
    "uid" : "184dc8e3eb4c5541",
    "name" : "tc008_verifyHomePage",
    "title" : "Tc 008 verify home page",
    "time" : {
      "start" : 1462548888192,
      "stop" : 1462548888192,
      "duration" : 0
    },
    "severity" : "NORMAL",
    "status" : "PENDING"
  }, {
    "uid" : "374a6b7b158cfaea",
    "name" : "TC_APA_003_addNewPurchasingAgent_GeneralUser",
    "title" : "TC APA 003 add new purchasing agent general user",
    "time" : {
      "start" : 1462548888193,
      "stop" : 1462548888193,
      "duration" : 0
    },
    "severity" : "NORMAL",
    "status" : "PENDING"
  }, {
    "uid" : "9044ce49a425cd11",
    "name" : "TC_Login_021_loginVerifyOrderTopToBottom",
    "title" : "TC login 021 login verify order top to bottom",
    "time" : {
      "start" : 1462548888193,
      "stop" : 1462548888193,
      "duration" : 0
    },
    "severity" : "NORMAL",
    "status" : "PENDING"
  }, {
    "uid" : "678653d2dd121a4c",
    "name" : "TC_ShoppingCart_004_signedUser_ShoppingCartQuanitityUpdateWithZero",
    "title" : "TC shopping cart 004 signed user shopping cart quanitity update with zero",
    "time" : {
      "start" : 1462548888193,
      "stop" : 1462548888193,
      "duration" : 0
    },
    "severity" : "NORMAL",
    "status" : "PENDING"
  }, {
    "uid" : "71cea76176044809",
    "name" : "TC_ShoppingCart_012_saveCart_ClickOnCofirmationPopup",
    "title" : "TC shopping cart 012 save cart click on cofirmation popup",
    "time" : {
      "start" : 1462548888193,
      "stop" : 1462548888193,
      "duration" : 0
    },
    "severity" : "NORMAL",
    "status" : "PENDING"
  }, {
    "uid" : "9ab4fe91182f432f",
    "name" : "TC_ShoppingCart_011_CreateAndDeleteSaveCart",
    "title" : "TC shopping cart 011 create and delete save cart",
    "time" : {
      "start" : 1462548888194,
      "stop" : 1462548888194,
      "duration" : 0
    },
    "severity" : "NORMAL",
    "status" : "PENDING"
  }, {
    "uid" : "1ef92bd02df52921",
    "name" : "TC_APA_007",
    "title" : "TC APA 007",
    "time" : {
      "start" : 1462548888194,
      "stop" : 1462548888194,
      "duration" : 0
    },
    "severity" : "NORMAL",
    "status" : "PENDING"
  }, {
    "uid" : "19c9afa47869b21e",
    "name" : "TC_APA_006",
    "title" : "TC APA 006",
    "time" : {
      "start" : 1462548888194,
      "stop" : 1462548888194,
      "duration" : 0
    },
    "severity" : "NORMAL",
    "status" : "PENDING"
  }, {
    "uid" : "74377da5459f28b6",
    "name" : "TC_Login_019_verifyRegisterPage",
    "title" : "TC login 019 verify register page",
    "time" : {
      "start" : 1462548888194,
      "stop" : 1462548888194,
      "duration" : 0
    },
    "severity" : "NORMAL",
    "status" : "PENDING"
  }, {
    "uid" : "ddc85069674a05d8",
    "name" : "TC_ShoppingCart_018_sortByDropdownListValues",
    "title" : "TC shopping cart 018 sort by dropdown list values",
    "time" : {
      "start" : 1462548888194,
      "stop" : 1462548888194,
      "duration" : 0
    },
    "severity" : "NORMAL",
    "status" : "PENDING"
  }, {
    "uid" : "e92a213a200dec30",
    "name" : "TC_APA_005_addNewPurchasingAgent_APA",
    "title" : "TC APA 005 add new purchasing agent APA",
    "time" : {
      "start" : 1462548888195,
      "stop" : 1462548888195,
      "duration" : 0
    },
    "severity" : "NORMAL",
    "status" : "PENDING"
  }, {
    "uid" : "b02bbc929a8cf331",
    "name" : "TC_PDP_013_signedUser_tryingToCreateCPNInProductDetailsPage_ErrorScenariosTest",
    "title" : "TC PDP 013 signed user trying to create CPN in product details page error scenarios test",
    "time" : {
      "start" : 1462548888195,
      "stop" : 1462548888195,
      "duration" : 0
    },
    "severity" : "NORMAL",
    "status" : "PENDING"
  }, {
    "uid" : "b12167b21ed2c0ee",
    "name" : "TC_categories_001_TC_categories_006_TC_categories_007_TC_categories_008",
    "title" : "TC categories 001 TC categories 006 TC categories 007 TC categories 008",
    "time" : {
      "start" : 1462548903300,
      "stop" : 1462548905542,
      "duration" : 2242
    },
    "severity" : "NORMAL",
    "status" : "PASSED"
  }, {
    "uid" : "f5726b6840b0e8b2",
    "name" : "TC_categories_002",
    "title" : "TC categories 002",
    "time" : {
      "start" : 1462548907800,
      "stop" : 1462548917310,
      "duration" : 9510
    },
    "severity" : "NORMAL",
    "status" : "PASSED"
  }, {
    "uid" : "600a8783ebbbad76",
    "name" : "TC_categories_003_navigateProductDetailsPage",
    "title" : "TC categories 003 navigate product details page",
    "time" : {
      "start" : 1462548919358,
      "stop" : 1462548931900,
      "duration" : 12542
    },
    "severity" : "NORMAL",
    "status" : "PASSED"
  }, {
    "uid" : "6bdd221f235baa64",
    "name" : "TC_categories_003_navigateProductListPage",
    "title" : "TC categories 003 navigate product list page",
    "time" : {
      "start" : 1462548934163,
      "stop" : 1462548946060,
      "duration" : 11897
    },
    "severity" : "NORMAL",
    "status" : "PASSED"
  }, {
    "uid" : "cef779be669a23fe",
    "name" : "TC_categories_004_verifyBanners",
    "title" : "TC categories 004 verify banners",
    "time" : {
      "start" : 1462548948163,
      "stop" : 1462548952794,
      "duration" : 4631
    },
    "severity" : "NORMAL",
    "status" : "PASSED"
  }, {
    "uid" : "bc91770fc32fadcd",
    "name" : "TC_categories_005_ClickingOnImages",
    "title" : "TC categories 005 clicking on images",
    "time" : {
      "start" : 1462548954918,
      "stop" : 1462548959048,
      "duration" : 4130
    },
    "severity" : "NORMAL",
    "status" : "PASSED"
  } ]
}