{
  "hash" : "e7105c43ada45c9f6e0006854ef1a1d95249231d",
  "plugins" : {
    "total" : {
      "statistic" : {
        "total" : 22,
        "passed" : 6,
        "pending" : 16,
        "canceled" : 0,
        "failed" : 0,
        "broken" : 0
      },
      "time" : {
        "start" : 1462548888182,
        "stop" : 1462548959048,
        "duration" : 70866
      }
    },
    "defects" : {
      "totalCount" : 0,
      "items" : [ ]
    },
    "xunit" : {
      "totalCount" : 1,
      "items" : [ {
        "uid" : "34a536ad09a79f64",
        "title" : "EtnaTestAutomationSuite : AutomationTesting",
        "statistic" : {
          "total" : 22,
          "passed" : 6,
          "pending" : 16,
          "canceled" : 0,
          "failed" : 0,
          "broken" : 0
        }
      } ]
    },
    "behaviors" : {
      "totalCount" : 1,
      "items" : [ {
        "title" : "Without feature",
        "statistic" : {
          "total" : 22,
          "passed" : 6,
          "pending" : 16,
          "canceled" : 0,
          "failed" : 0,
          "broken" : 0
        }
      } ]
    },
    "environment" : [ ]
  }
}