{
  "uid" : "229614a8829de2be",
  "name" : "TC_Manufacturers_006_unsignedUser_verificationOfManufacturersAfterClickingOnAnyManufacturersNameDisplayedInList_ThatHaveMultipleProducts",
  "title" : "TC manufacturers 006 unsigned user verification of manufacturers after clicking on any manufacturers name displayed in list that have multiple products",
  "time" : {
    "start" : 1462550873977,
    "stop" : 1462550882571,
    "duration" : 8594
  },
  "summary" : {
    "attachments" : 0,
    "steps" : 0
  },
  "failure" : null,
  "description" : null,
  "severity" : "NORMAL",
  "status" : "PASSED",
  "testId" : null,
  "suite" : {
    "uid" : "4b069ed0c182ef1c",
    "name" : "EtnaTestAutomationSuite : AutomationTesting",
    "title" : "EtnaTestAutomationSuite : AutomationTesting"
  },
  "steps" : [ ],
  "attachments" : [ ],
  "issues" : [ ],
  "labels" : [ {
    "name" : "host",
    "value" : "BlaBlaBla"
  }, {
    "name" : "thread",
    "value" : "8656@BlaBlaBla.main(1)"
  }, {
    "name" : "suite-name",
    "value" : "EtnaTestAutomationSuite : AutomationTesting"
  }, {
    "name" : "suite-title",
    "value" : "EtnaTestAutomationSuite : AutomationTesting"
  }, {
    "name" : "framework",
    "value" : "TestNG"
  }, {
    "name" : "language",
    "value" : "JAVA"
  } ],
  "parameters" : [ ]
}