{
  "uid" : "22a037f7fa8ba8e7",
  "name" : "TC_PDP_012_signedUser_createAndDeleteCPNInProductDetailsPageTest",
  "title" : "TC PDP 012 signed user create and delete CPN in product details page test",
  "time" : {
    "start" : 1462551336475,
    "stop" : 1462551361383,
    "duration" : 24908
  },
  "summary" : {
    "attachments" : 0,
    "steps" : 0
  },
  "failure" : null,
  "description" : null,
  "severity" : "NORMAL",
  "status" : "PASSED",
  "testId" : null,
  "suite" : {
    "uid" : "4b069ed0c182ef1c",
    "name" : "EtnaTestAutomationSuite : AutomationTesting",
    "title" : "EtnaTestAutomationSuite : AutomationTesting"
  },
  "steps" : [ ],
  "attachments" : [ ],
  "issues" : [ ],
  "labels" : [ {
    "name" : "host",
    "value" : "BlaBlaBla"
  }, {
    "name" : "thread",
    "value" : "8656@BlaBlaBla.main(1)"
  }, {
    "name" : "suite-name",
    "value" : "EtnaTestAutomationSuite : AutomationTesting"
  }, {
    "name" : "suite-title",
    "value" : "EtnaTestAutomationSuite : AutomationTesting"
  }, {
    "name" : "framework",
    "value" : "TestNG"
  }, {
    "name" : "language",
    "value" : "JAVA"
  } ],
  "parameters" : [ ]
}