{
  "uid" : "569a2af5bb34f52e",
  "name" : "tc010_verifyAllFooterSectionPages",
  "title" : "Tc 010 verify all footer section pages",
  "time" : {
    "start" : 1462551710630,
    "stop" : 1462551712272,
    "duration" : 1642
  },
  "summary" : {
    "attachments" : 1,
    "steps" : 0
  },
  "failure" : {
    "message" : ": Skipped due to dependency on other skipped or failed test methods",
    "stackTrace" : "ru.yandex.qatools.allure.testng.AllureTestListener$1: Skipped due to dependency on other skipped or failed test methods\n\tat ru.yandex.qatools.allure.testng.AllureTestListener.fireTestCaseCancel(AllureTestListener.java:354)\n\tat ru.yandex.qatools.allure.testng.AllureTestListener.onTestSkipped(AllureTestListener.java:171)\n\tat org.testng.internal.Invoker.runTestListeners(Invoker.java:1683)\n\tat org.testng.internal.Invoker.runTestListeners(Invoker.java:1675)\n\tat org.testng.internal.Invoker.invokeMethod(Invoker.java:700)\n\tat org.testng.internal.Invoker.invokeTestMethod(Invoker.java:820)\n\tat org.testng.internal.Invoker.invokeTestMethods(Invoker.java:1128)\n\tat org.testng.internal.TestMethodWorker.invokeTestMethods(TestMethodWorker.java:129)\n\tat org.testng.internal.TestMethodWorker.run(TestMethodWorker.java:112)\n\tat org.testng.TestRunner.privateRun(TestRunner.java:782)\n\tat org.testng.TestRunner.run(TestRunner.java:632)\n\tat org.testng.SuiteRunner.runTest(SuiteRunner.java:366)\n\tat org.testng.SuiteRunner.runSequentially(SuiteRunner.java:361)\n\tat org.testng.SuiteRunner.privateRun(SuiteRunner.java:319)\n\tat org.testng.SuiteRunner.run(SuiteRunner.java:268)\n\tat org.testng.SuiteRunnerWorker.runSuite(SuiteRunnerWorker.java:52)\n\tat org.testng.SuiteRunnerWorker.run(SuiteRunnerWorker.java:86)\n\tat org.testng.TestNG.runSuitesSequentially(TestNG.java:1244)\n\tat org.testng.TestNG.runSuitesLocally(TestNG.java:1169)\n\tat org.testng.TestNG.run(TestNG.java:1064)\n\tat org.apache.maven.surefire.testng.TestNGExecutor.run(TestNGExecutor.java:281)\n\tat org.apache.maven.surefire.testng.TestNGXmlTestSuite.execute(TestNGXmlTestSuite.java:75)\n\tat org.apache.maven.surefire.testng.TestNGProvider.invoke(TestNGProvider.java:121)\n\tat org.apache.maven.surefire.booter.ForkedBooter.invokeProviderInSameClassLoader(ForkedBooter.java:290)\n\tat org.apache.maven.surefire.booter.ForkedBooter.runSuitesInProcess(ForkedBooter.java:242)\n\tat org.apache.maven.surefire.booter.ForkedBooter.main(ForkedBooter.java:121)\n"
  },
  "description" : null,
  "severity" : "NORMAL",
  "status" : "CANCELED",
  "testId" : null,
  "suite" : {
    "uid" : "4b069ed0c182ef1c",
    "name" : "EtnaTestAutomationSuite : AutomationTesting",
    "title" : "EtnaTestAutomationSuite : AutomationTesting"
  },
  "steps" : [ ],
  "attachments" : [ {
    "title" : "Screenshot of tc010_verifyAllFooterSectionPages",
    "source" : "06378894-792c-494d-8ac2-defb09959daf-attachment.png",
    "type" : "image/png",
    "size" : 701081,
    "uid" : "1215d061a777824b"
  } ],
  "issues" : [ ],
  "labels" : [ {
    "name" : "host",
    "value" : "BlaBlaBla"
  }, {
    "name" : "thread",
    "value" : "8656@BlaBlaBla.main(1)"
  }, {
    "name" : "suite-name",
    "value" : "EtnaTestAutomationSuite : AutomationTesting"
  }, {
    "name" : "suite-title",
    "value" : "EtnaTestAutomationSuite : AutomationTesting"
  }, {
    "name" : "framework",
    "value" : "TestNG"
  }, {
    "name" : "language",
    "value" : "JAVA"
  } ],
  "parameters" : [ ]
}