{
  "uid" : "701bd56c67f31b64",
  "name" : "TC_PA_008_To_TC_PA_022_errorScenarios[hemanthabc@gmail.com,##!@@##,sridhar,test12345,test12345,address10,address11,Topeka,Kansas,66601,1234567890,Super User,,,Please enter valid First Name.]",
  "title" : "TC PA 008 to TC PA 022 error scenarios [hemanthabc@gmail.com,##!@@##,sridhar,test12345,test12345,address10,address11,Topeka,Kansas,66601,1234567890,Super User,,,Please enter valid First Name.]",
  "time" : {
    "start" : 1462551249364,
    "stop" : 1462551264831,
    "duration" : 15467
  },
  "summary" : {
    "attachments" : 1,
    "steps" : 0
  },
  "failure" : {
    "message" : "AssertionError: expected [Please enter valid First Name.] but found []",
    "stackTrace" : "java.lang.AssertionError: expected [Please enter valid First Name.] but found []\n\tat org.testng.Assert.fail(Assert.java:94)\n\tat org.testng.Assert.failNotEquals(Assert.java:513)\n\tat org.testng.Assert.assertEqualsImpl(Assert.java:135)\n\tat org.testng.Assert.assertEquals(Assert.java:116)\n\tat org.testng.Assert.assertEquals(Assert.java:190)\n\tat org.testng.Assert.assertEquals(Assert.java:200)\n\tat org.etna.customer.pageobjects.AddNewPurchasingAgentPageObjects.verifyErrorMsg(AddNewPurchasingAgentPageObjects.java:328)\n\tat org.etna.testdefinitions.APAModuleTest.TC_PA_008_To_TC_PA_022_errorScenarios(APAModuleTest.java:126)\n\tat org.etna.testdeclarations.TestDeclarations.TC_PA_008_To_TC_PA_022_errorScenarios(TestDeclarations.java:73)\n\tat sun.reflect.NativeMethodAccessorImpl.invoke0(Native Method)\n\tat sun.reflect.NativeMethodAccessorImpl.invoke(NativeMethodAccessorImpl.java:62)\n\tat sun.reflect.DelegatingMethodAccessorImpl.invoke(DelegatingMethodAccessorImpl.java:43)\n\tat java.lang.reflect.Method.invoke(Method.java:497)\n\tat org.testng.internal.MethodInvocationHelper.invokeMethod(MethodInvocationHelper.java:86)\n\tat org.testng.internal.MethodInvocationHelper$1.runTestMethod(MethodInvocationHelper.java:197)\n\tat org.etna.maincontroller.MainController.run(MainController.java:369)\n\tat org.testng.internal.MethodInvocationHelper.invokeHookable(MethodInvocationHelper.java:209)\n\tat org.testng.internal.Invoker.invokeMethod(Invoker.java:639)\n\tat org.testng.internal.Invoker.invokeTestMethod(Invoker.java:820)\n\tat org.testng.internal.Invoker.invokeTestMethods(Invoker.java:1128)\n\tat org.testng.internal.TestMethodWorker.invokeTestMethods(TestMethodWorker.java:129)\n\tat org.testng.internal.TestMethodWorker.run(TestMethodWorker.java:112)\n\tat org.testng.TestRunner.privateRun(TestRunner.java:782)\n\tat org.testng.TestRunner.run(TestRunner.java:632)\n\tat org.testng.SuiteRunner.runTest(SuiteRunner.java:366)\n\tat org.testng.SuiteRunner.runSequentially(SuiteRunner.java:361)\n\tat org.testng.SuiteRunner.privateRun(SuiteRunner.java:319)\n\tat org.testng.SuiteRunner.run(SuiteRunner.java:268)\n\tat org.testng.SuiteRunnerWorker.runSuite(SuiteRunnerWorker.java:52)\n\tat org.testng.SuiteRunnerWorker.run(SuiteRunnerWorker.java:86)\n\tat org.testng.TestNG.runSuitesSequentially(TestNG.java:1244)\n\tat org.testng.TestNG.runSuitesLocally(TestNG.java:1169)\n\tat org.testng.TestNG.run(TestNG.java:1064)\n\tat org.apache.maven.surefire.testng.TestNGExecutor.run(TestNGExecutor.java:281)\n\tat org.apache.maven.surefire.testng.TestNGXmlTestSuite.execute(TestNGXmlTestSuite.java:75)\n\tat org.apache.maven.surefire.testng.TestNGProvider.invoke(TestNGProvider.java:121)\n\tat org.apache.maven.surefire.booter.ForkedBooter.invokeProviderInSameClassLoader(ForkedBooter.java:290)\n\tat org.apache.maven.surefire.booter.ForkedBooter.runSuitesInProcess(ForkedBooter.java:242)\n\tat org.apache.maven.surefire.booter.ForkedBooter.main(ForkedBooter.java:121)\n"
  },
  "description" : null,
  "severity" : "NORMAL",
  "status" : "FAILED",
  "testId" : null,
  "suite" : {
    "uid" : "4b069ed0c182ef1c",
    "name" : "EtnaTestAutomationSuite : AutomationTesting",
    "title" : "EtnaTestAutomationSuite : AutomationTesting"
  },
  "steps" : [ ],
  "attachments" : [ {
    "title" : "Screenshot of TC_PA_008_To_TC_PA_022_errorScenarios",
    "source" : "83f6aea1-bd6d-478f-8886-c3b74806ba03-attachment.png",
    "type" : "image/png",
    "size" : 101113,
    "uid" : "311ff6f873c942e"
  } ],
  "issues" : [ ],
  "labels" : [ {
    "name" : "host",
    "value" : "BlaBlaBla"
  }, {
    "name" : "thread",
    "value" : "8656@BlaBlaBla.main(1)"
  }, {
    "name" : "suite-name",
    "value" : "EtnaTestAutomationSuite : AutomationTesting"
  }, {
    "name" : "suite-title",
    "value" : "EtnaTestAutomationSuite : AutomationTesting"
  }, {
    "name" : "framework",
    "value" : "TestNG"
  }, {
    "name" : "language",
    "value" : "JAVA"
  } ],
  "parameters" : [ ]
}