{
  "uid" : "72f89d21f9e746dd",
  "name" : "tc004_generalSearch",
  "title" : "Tc 004 general search",
  "time" : {
    "start" : 1462551686047,
    "stop" : 1462551688442,
    "duration" : 2395
  },
  "summary" : {
    "attachments" : 0,
    "steps" : 0
  },
  "failure" : null,
  "description" : null,
  "severity" : "NORMAL",
  "status" : "PASSED",
  "testId" : null,
  "suite" : {
    "uid" : "4b069ed0c182ef1c",
    "name" : "EtnaTestAutomationSuite : AutomationTesting",
    "title" : "EtnaTestAutomationSuite : AutomationTesting"
  },
  "steps" : [ ],
  "attachments" : [ ],
  "issues" : [ ],
  "labels" : [ {
    "name" : "host",
    "value" : "BlaBlaBla"
  }, {
    "name" : "thread",
    "value" : "8656@BlaBlaBla.main(1)"
  }, {
    "name" : "suite-name",
    "value" : "EtnaTestAutomationSuite : AutomationTesting"
  }, {
    "name" : "suite-title",
    "value" : "EtnaTestAutomationSuite : AutomationTesting"
  }, {
    "name" : "framework",
    "value" : "TestNG"
  }, {
    "name" : "language",
    "value" : "JAVA"
  } ],
  "parameters" : [ ]
}