{
  "uid" : "8563fca16ca6f644",
  "name" : "TC_Brand_002_TC_Brand_010_signedUser_hoverOverBrandsLinkInTopNavigationMenu_clickOnOneOfTheBrandLinksAndVerifyAssertThePageForTheParticularBrand",
  "title" : "TC brand 002 TC brand 010 signed user hover over brands link in top navigation menu click on one of the brand links and verify assert the page for the particular brand",
  "time" : {
    "start" : 1462550188130,
    "stop" : 1462550201181,
    "duration" : 13051
  },
  "summary" : {
    "attachments" : 0,
    "steps" : 0
  },
  "failure" : null,
  "description" : null,
  "severity" : "NORMAL",
  "status" : "PASSED",
  "testId" : null,
  "suite" : {
    "uid" : "4b069ed0c182ef1c",
    "name" : "EtnaTestAutomationSuite : AutomationTesting",
    "title" : "EtnaTestAutomationSuite : AutomationTesting"
  },
  "steps" : [ ],
  "attachments" : [ ],
  "issues" : [ ],
  "labels" : [ {
    "name" : "host",
    "value" : "BlaBlaBla"
  }, {
    "name" : "thread",
    "value" : "8656@BlaBlaBla.main(1)"
  }, {
    "name" : "suite-name",
    "value" : "EtnaTestAutomationSuite : AutomationTesting"
  }, {
    "name" : "suite-title",
    "value" : "EtnaTestAutomationSuite : AutomationTesting"
  }, {
    "name" : "framework",
    "value" : "TestNG"
  }, {
    "name" : "language",
    "value" : "JAVA"
  } ],
  "parameters" : [ ]
}