{
  "uid" : "c9c459e985c0047b",
  "name" : "TC_ShoppingCart_002_TC_ShoppingCart_019_TC_ShoppingCart_020_TC_ShoppingCart_021_signedUserAddingItemToCart",
  "title" : "TC shopping cart 002 TC shopping cart 019 TC shopping cart 020 TC shopping cart 021 signed user adding item to cart",
  "time" : {
    "start" : 1462551375219,
    "stop" : 1462551397253,
    "duration" : 22034
  },
  "summary" : {
    "attachments" : 0,
    "steps" : 0
  },
  "failure" : null,
  "description" : null,
  "severity" : "NORMAL",
  "status" : "PASSED",
  "testId" : null,
  "suite" : {
    "uid" : "4b069ed0c182ef1c",
    "name" : "EtnaTestAutomationSuite : AutomationTesting",
    "title" : "EtnaTestAutomationSuite : AutomationTesting"
  },
  "steps" : [ ],
  "attachments" : [ ],
  "issues" : [ ],
  "labels" : [ {
    "name" : "host",
    "value" : "BlaBlaBla"
  }, {
    "name" : "thread",
    "value" : "8656@BlaBlaBla.main(1)"
  }, {
    "name" : "suite-name",
    "value" : "EtnaTestAutomationSuite : AutomationTesting"
  }, {
    "name" : "suite-title",
    "value" : "EtnaTestAutomationSuite : AutomationTesting"
  }, {
    "name" : "framework",
    "value" : "TestNG"
  }, {
    "name" : "language",
    "value" : "JAVA"
  } ],
  "parameters" : [ ]
}