{
  "uid" : "d1691d4b95c3e012",
  "name" : "TS_Login_001_TC_Login_008_Verify_Tab_focus",
  "title" : "TS login 001 TC login 008 verify tab focus",
  "time" : {
    "start" : 1462550112022,
    "stop" : 1462550112022,
    "duration" : 0
  },
  "summary" : {
    "attachments" : 0,
    "steps" : 0
  },
  "failure" : {
    "message" : "Test not implemented yet",
    "stackTrace" : "There are no stack trace"
  },
  "description" : null,
  "severity" : "NORMAL",
  "status" : "PENDING",
  "testId" : null,
  "suite" : {
    "uid" : "4b069ed0c182ef1c",
    "name" : "EtnaTestAutomationSuite : AutomationTesting",
    "title" : "EtnaTestAutomationSuite : AutomationTesting"
  },
  "steps" : [ ],
  "attachments" : [ ],
  "issues" : [ ],
  "labels" : [ {
    "name" : "host",
    "value" : "BlaBlaBla"
  }, {
    "name" : "thread",
    "value" : "8656@BlaBlaBla.main(1)"
  }, {
    "name" : "suite-name",
    "value" : "EtnaTestAutomationSuite : AutomationTesting"
  }, {
    "name" : "suite-title",
    "value" : "EtnaTestAutomationSuite : AutomationTesting"
  }, {
    "name" : "framework",
    "value" : "TestNG"
  }, {
    "name" : "language",
    "value" : "JAVA"
  } ],
  "parameters" : [ ]
}