{
  "uid" : "de79ee106827c579",
  "name" : "TC_Manufacturers_004_TC_Manufacturers_007_TC_Manufacturers_008_TC_Manufacturers_009_unsignedUser_clickingManufacturersLinkShouldNavigateToShopByBrandsPage",
  "title" : "TC manufacturers 004 TC manufacturers 007 TC manufacturers 008 TC manufacturers 009 unsigned user clicking manufacturers link should navigate to shop by brands page",
  "time" : {
    "start" : 1462550685211,
    "stop" : 1462550686565,
    "duration" : 1354
  },
  "summary" : {
    "attachments" : 0,
    "steps" : 0
  },
  "failure" : null,
  "description" : null,
  "severity" : "NORMAL",
  "status" : "PASSED",
  "testId" : null,
  "suite" : {
    "uid" : "4b069ed0c182ef1c",
    "name" : "EtnaTestAutomationSuite : AutomationTesting",
    "title" : "EtnaTestAutomationSuite : AutomationTesting"
  },
  "steps" : [ ],
  "attachments" : [ ],
  "issues" : [ ],
  "labels" : [ {
    "name" : "host",
    "value" : "BlaBlaBla"
  }, {
    "name" : "thread",
    "value" : "8656@BlaBlaBla.main(1)"
  }, {
    "name" : "suite-name",
    "value" : "EtnaTestAutomationSuite : AutomationTesting"
  }, {
    "name" : "suite-title",
    "value" : "EtnaTestAutomationSuite : AutomationTesting"
  }, {
    "name" : "framework",
    "value" : "TestNG"
  }, {
    "name" : "language",
    "value" : "JAVA"
  } ],
  "parameters" : [ ]
}