{
  "defectsList" : [ {
    "title" : "Product defects",
    "status" : "FAILED",
    "defects" : [ {
      "uid" : "5a6899c116d9f77e",
      "failure" : {
        "message" : "AssertionError: expected [Please enter Email Address.] but found []",
        "stackTrace" : "java.lang.AssertionError: expected [Please enter Email Address.] but found []\n\tat org.testng.Assert.fail(Assert.java:94)\n\tat org.testng.Assert.failNotEquals(Assert.java:513)\n\tat org.testng.Assert.assertEqualsImpl(Assert.java:135)\n\tat org.testng.Assert.assertEquals(Assert.java:116)\n\tat org.testng.Assert.assertEquals(Assert.java:190)\n\tat org.testng.Assert.assertEquals(Assert.java:200)\n\tat org.etna.customer.pageobjects.AddNewPurchasingAgentPageObjects.verifyErrorMsg(AddNewPurchasingAgentPageObjects.java:328)\n\tat org.etna.testdefinitions.APAModuleTest.TC_PA_008_To_TC_PA_022_errorScenarios(APAModuleTest.java:126)\n\tat org.etna.testdeclarations.TestDeclarations.TC_PA_008_To_TC_PA_022_errorScenarios(TestDeclarations.java:73)\n\tat sun.reflect.NativeMethodAccessorImpl.invoke0(Native Method)\n\tat sun.reflect.NativeMethodAccessorImpl.invoke(NativeMethodAccessorImpl.java:62)\n\tat sun.reflect.DelegatingMethodAccessorImpl.invoke(DelegatingMethodAccessorImpl.java:43)\n\tat java.lang.reflect.Method.invoke(Method.java:497)\n\tat org.testng.internal.MethodInvocationHelper.invokeMethod(MethodInvocationHelper.java:86)\n\tat org.testng.internal.MethodInvocationHelper$1.runTestMethod(MethodInvocationHelper.java:197)\n\tat org.etna.maincontroller.MainController.run(MainController.java:369)\n\tat org.testng.internal.MethodInvocationHelper.invokeHookable(MethodInvocationHelper.java:209)\n\tat org.testng.internal.Invoker.invokeMethod(Invoker.java:639)\n\tat org.testng.internal.Invoker.invokeTestMethod(Invoker.java:820)\n\tat org.testng.internal.Invoker.invokeTestMethods(Invoker.java:1128)\n\tat org.testng.internal.TestMethodWorker.invokeTestMethods(TestMethodWorker.java:129)\n\tat org.testng.internal.TestMethodWorker.run(TestMethodWorker.java:112)\n\tat org.testng.TestRunner.privateRun(TestRunner.java:782)\n\tat org.testng.TestRunner.run(TestRunner.java:632)\n\tat org.testng.SuiteRunner.runTest(SuiteRunner.java:366)\n\tat org.testng.SuiteRunner.runSequentially(SuiteRunner.java:361)\n\tat org.testng.SuiteRunner.privateRun(SuiteRunner.java:319)\n\tat org.testng.SuiteRunner.run(SuiteRunner.java:268)\n\tat org.testng.SuiteRunnerWorker.runSuite(SuiteRunnerWorker.java:52)\n\tat org.testng.SuiteRunnerWorker.run(SuiteRunnerWorker.java:86)\n\tat org.testng.TestNG.runSuitesSequentially(TestNG.java:1244)\n\tat org.testng.TestNG.runSuitesLocally(TestNG.java:1169)\n\tat org.testng.TestNG.run(TestNG.java:1064)\n\tat org.apache.maven.surefire.testng.TestNGExecutor.run(TestNGExecutor.java:281)\n\tat org.apache.maven.surefire.testng.TestNGXmlTestSuite.execute(TestNGXmlTestSuite.java:75)\n\tat org.apache.maven.surefire.testng.TestNGProvider.invoke(TestNGProvider.java:121)\n\tat org.apache.maven.surefire.booter.ForkedBooter.invokeProviderInSameClassLoader(ForkedBooter.java:290)\n\tat org.apache.maven.surefire.booter.ForkedBooter.runSuitesInProcess(ForkedBooter.java:242)\n\tat org.apache.maven.surefire.booter.ForkedBooter.main(ForkedBooter.java:121)\n"
      },
      "testCases" : [ {
        "uid" : "1cc98c148184fd0f",
        "name" : "TC_PA_008_To_TC_PA_022_errorScenarios[,hemanth,sridhar,test12345,test12345,address1,address2,Topeka,Kansas,66601,1234567890,Super User,,,Please enter Email Address.]",
        "title" : "TC PA 008 to TC PA 022 error scenarios [,hemanth,sridhar,test12345,test12345,address1,address2,Topeka,Kansas,66601,1234567890,Super User,,,Please enter Email Address.]",
        "time" : {
          "start" : 1462550966526,
          "stop" : 1462550984023,
          "duration" : 17497
        },
        "severity" : "NORMAL",
        "status" : "FAILED"
      } ]
    }, {
      "uid" : "303d83aedbc0b5e0",
      "failure" : {
        "message" : "AssertionError: expected [Please enter First Name.] but found []",
        "stackTrace" : "java.lang.AssertionError: expected [Please enter First Name.] but found []\n\tat org.testng.Assert.fail(Assert.java:94)\n\tat org.testng.Assert.failNotEquals(Assert.java:513)\n\tat org.testng.Assert.assertEqualsImpl(Assert.java:135)\n\tat org.testng.Assert.assertEquals(Assert.java:116)\n\tat org.testng.Assert.assertEquals(Assert.java:190)\n\tat org.testng.Assert.assertEquals(Assert.java:200)\n\tat org.etna.customer.pageobjects.AddNewPurchasingAgentPageObjects.verifyErrorMsg(AddNewPurchasingAgentPageObjects.java:328)\n\tat org.etna.testdefinitions.APAModuleTest.TC_PA_008_To_TC_PA_022_errorScenarios(APAModuleTest.java:126)\n\tat org.etna.testdeclarations.TestDeclarations.TC_PA_008_To_TC_PA_022_errorScenarios(TestDeclarations.java:73)\n\tat sun.reflect.NativeMethodAccessorImpl.invoke0(Native Method)\n\tat sun.reflect.NativeMethodAccessorImpl.invoke(NativeMethodAccessorImpl.java:62)\n\tat sun.reflect.DelegatingMethodAccessorImpl.invoke(DelegatingMethodAccessorImpl.java:43)\n\tat java.lang.reflect.Method.invoke(Method.java:497)\n\tat org.testng.internal.MethodInvocationHelper.invokeMethod(MethodInvocationHelper.java:86)\n\tat org.testng.internal.MethodInvocationHelper$1.runTestMethod(MethodInvocationHelper.java:197)\n\tat org.etna.maincontroller.MainController.run(MainController.java:369)\n\tat org.testng.internal.MethodInvocationHelper.invokeHookable(MethodInvocationHelper.java:209)\n\tat org.testng.internal.Invoker.invokeMethod(Invoker.java:639)\n\tat org.testng.internal.Invoker.invokeTestMethod(Invoker.java:820)\n\tat org.testng.internal.Invoker.invokeTestMethods(Invoker.java:1128)\n\tat org.testng.internal.TestMethodWorker.invokeTestMethods(TestMethodWorker.java:129)\n\tat org.testng.internal.TestMethodWorker.run(TestMethodWorker.java:112)\n\tat org.testng.TestRunner.privateRun(TestRunner.java:782)\n\tat org.testng.TestRunner.run(TestRunner.java:632)\n\tat org.testng.SuiteRunner.runTest(SuiteRunner.java:366)\n\tat org.testng.SuiteRunner.runSequentially(SuiteRunner.java:361)\n\tat org.testng.SuiteRunner.privateRun(SuiteRunner.java:319)\n\tat org.testng.SuiteRunner.run(SuiteRunner.java:268)\n\tat org.testng.SuiteRunnerWorker.runSuite(SuiteRunnerWorker.java:52)\n\tat org.testng.SuiteRunnerWorker.run(SuiteRunnerWorker.java:86)\n\tat org.testng.TestNG.runSuitesSequentially(TestNG.java:1244)\n\tat org.testng.TestNG.runSuitesLocally(TestNG.java:1169)\n\tat org.testng.TestNG.run(TestNG.java:1064)\n\tat org.apache.maven.surefire.testng.TestNGExecutor.run(TestNGExecutor.java:281)\n\tat org.apache.maven.surefire.testng.TestNGXmlTestSuite.execute(TestNGXmlTestSuite.java:75)\n\tat org.apache.maven.surefire.testng.TestNGProvider.invoke(TestNGProvider.java:121)\n\tat org.apache.maven.surefire.booter.ForkedBooter.invokeProviderInSameClassLoader(ForkedBooter.java:290)\n\tat org.apache.maven.surefire.booter.ForkedBooter.runSuitesInProcess(ForkedBooter.java:242)\n\tat org.apache.maven.surefire.booter.ForkedBooter.main(ForkedBooter.java:121)\n"
      },
      "testCases" : [ {
        "uid" : "94b9389afc32c1ca",
        "name" : "TC_PA_008_To_TC_PA_022_errorScenarios[hemanthabc@gmail.com,,sridhar,test12345,test12345,address2,address3,Topeka,Kansas,66601,1234567890,Super User,,,Please enter First Name.]",
        "title" : "TC PA 008 to TC PA 022 error scenarios [hemanthabc@gmail.com,,sridhar,test12345,test12345,address2,address3,Topeka,Kansas,66601,1234567890,Super User,,,Please enter First Name.]",
        "time" : {
          "start" : 1462550987020,
          "stop" : 1462551006446,
          "duration" : 19426
        },
        "severity" : "NORMAL",
        "status" : "FAILED"
      } ]
    }, {
      "uid" : "e0205d39081d5c66",
      "failure" : {
        "message" : "AssertionError: expected [Please enter Last Name.] but found []",
        "stackTrace" : "java.lang.AssertionError: expected [Please enter Last Name.] but found []\n\tat org.testng.Assert.fail(Assert.java:94)\n\tat org.testng.Assert.failNotEquals(Assert.java:513)\n\tat org.testng.Assert.assertEqualsImpl(Assert.java:135)\n\tat org.testng.Assert.assertEquals(Assert.java:116)\n\tat org.testng.Assert.assertEquals(Assert.java:190)\n\tat org.testng.Assert.assertEquals(Assert.java:200)\n\tat org.etna.customer.pageobjects.AddNewPurchasingAgentPageObjects.verifyErrorMsg(AddNewPurchasingAgentPageObjects.java:328)\n\tat org.etna.testdefinitions.APAModuleTest.TC_PA_008_To_TC_PA_022_errorScenarios(APAModuleTest.java:126)\n\tat org.etna.testdeclarations.TestDeclarations.TC_PA_008_To_TC_PA_022_errorScenarios(TestDeclarations.java:73)\n\tat sun.reflect.NativeMethodAccessorImpl.invoke0(Native Method)\n\tat sun.reflect.NativeMethodAccessorImpl.invoke(NativeMethodAccessorImpl.java:62)\n\tat sun.reflect.DelegatingMethodAccessorImpl.invoke(DelegatingMethodAccessorImpl.java:43)\n\tat java.lang.reflect.Method.invoke(Method.java:497)\n\tat org.testng.internal.MethodInvocationHelper.invokeMethod(MethodInvocationHelper.java:86)\n\tat org.testng.internal.MethodInvocationHelper$1.runTestMethod(MethodInvocationHelper.java:197)\n\tat org.etna.maincontroller.MainController.run(MainController.java:369)\n\tat org.testng.internal.MethodInvocationHelper.invokeHookable(MethodInvocationHelper.java:209)\n\tat org.testng.internal.Invoker.invokeMethod(Invoker.java:639)\n\tat org.testng.internal.Invoker.invokeTestMethod(Invoker.java:820)\n\tat org.testng.internal.Invoker.invokeTestMethods(Invoker.java:1128)\n\tat org.testng.internal.TestMethodWorker.invokeTestMethods(TestMethodWorker.java:129)\n\tat org.testng.internal.TestMethodWorker.run(TestMethodWorker.java:112)\n\tat org.testng.TestRunner.privateRun(TestRunner.java:782)\n\tat org.testng.TestRunner.run(TestRunner.java:632)\n\tat org.testng.SuiteRunner.runTest(SuiteRunner.java:366)\n\tat org.testng.SuiteRunner.runSequentially(SuiteRunner.java:361)\n\tat org.testng.SuiteRunner.privateRun(SuiteRunner.java:319)\n\tat org.testng.SuiteRunner.run(SuiteRunner.java:268)\n\tat org.testng.SuiteRunnerWorker.runSuite(SuiteRunnerWorker.java:52)\n\tat org.testng.SuiteRunnerWorker.run(SuiteRunnerWorker.java:86)\n\tat org.testng.TestNG.runSuitesSequentially(TestNG.java:1244)\n\tat org.testng.TestNG.runSuitesLocally(TestNG.java:1169)\n\tat org.testng.TestNG.run(TestNG.java:1064)\n\tat org.apache.maven.surefire.testng.TestNGExecutor.run(TestNGExecutor.java:281)\n\tat org.apache.maven.surefire.testng.TestNGXmlTestSuite.execute(TestNGXmlTestSuite.java:75)\n\tat org.apache.maven.surefire.testng.TestNGProvider.invoke(TestNGProvider.java:121)\n\tat org.apache.maven.surefire.booter.ForkedBooter.invokeProviderInSameClassLoader(ForkedBooter.java:290)\n\tat org.apache.maven.surefire.booter.ForkedBooter.runSuitesInProcess(ForkedBooter.java:242)\n\tat org.apache.maven.surefire.booter.ForkedBooter.main(ForkedBooter.java:121)\n"
      },
      "testCases" : [ {
        "uid" : "d62de9d7c46a2962",
        "name" : "TC_PA_008_To_TC_PA_022_errorScenarios[hemanthabc@gmail.com,hemanth,,test12345,test12345,address3,address4,Topeka,Kansas,66601,1234567890,Super User,,,Please enter Last Name.]",
        "title" : "TC PA 008 to TC PA 022 error scenarios [hemanthabc@gmail.com,hemanth,,test12345,test12345,address3,address4,Topeka,Kansas,66601,1234567890,Super User,,,Please enter Last Name.]",
        "time" : {
          "start" : 1462551009695,
          "stop" : 1462551024705,
          "duration" : 15010
        },
        "severity" : "NORMAL",
        "status" : "FAILED"
      } ]
    }, {
      "uid" : "edf3691da6e30a9f",
      "failure" : {
        "message" : "AssertionError: expected [Please enter Password.] but found []",
        "stackTrace" : "java.lang.AssertionError: expected [Please enter Password.] but found []\n\tat org.testng.Assert.fail(Assert.java:94)\n\tat org.testng.Assert.failNotEquals(Assert.java:513)\n\tat org.testng.Assert.assertEqualsImpl(Assert.java:135)\n\tat org.testng.Assert.assertEquals(Assert.java:116)\n\tat org.testng.Assert.assertEquals(Assert.java:190)\n\tat org.testng.Assert.assertEquals(Assert.java:200)\n\tat org.etna.customer.pageobjects.AddNewPurchasingAgentPageObjects.verifyErrorMsg(AddNewPurchasingAgentPageObjects.java:328)\n\tat org.etna.testdefinitions.APAModuleTest.TC_PA_008_To_TC_PA_022_errorScenarios(APAModuleTest.java:126)\n\tat org.etna.testdeclarations.TestDeclarations.TC_PA_008_To_TC_PA_022_errorScenarios(TestDeclarations.java:73)\n\tat sun.reflect.NativeMethodAccessorImpl.invoke0(Native Method)\n\tat sun.reflect.NativeMethodAccessorImpl.invoke(NativeMethodAccessorImpl.java:62)\n\tat sun.reflect.DelegatingMethodAccessorImpl.invoke(DelegatingMethodAccessorImpl.java:43)\n\tat java.lang.reflect.Method.invoke(Method.java:497)\n\tat org.testng.internal.MethodInvocationHelper.invokeMethod(MethodInvocationHelper.java:86)\n\tat org.testng.internal.MethodInvocationHelper$1.runTestMethod(MethodInvocationHelper.java:197)\n\tat org.etna.maincontroller.MainController.run(MainController.java:369)\n\tat org.testng.internal.MethodInvocationHelper.invokeHookable(MethodInvocationHelper.java:209)\n\tat org.testng.internal.Invoker.invokeMethod(Invoker.java:639)\n\tat org.testng.internal.Invoker.invokeTestMethod(Invoker.java:820)\n\tat org.testng.internal.Invoker.invokeTestMethods(Invoker.java:1128)\n\tat org.testng.internal.TestMethodWorker.invokeTestMethods(TestMethodWorker.java:129)\n\tat org.testng.internal.TestMethodWorker.run(TestMethodWorker.java:112)\n\tat org.testng.TestRunner.privateRun(TestRunner.java:782)\n\tat org.testng.TestRunner.run(TestRunner.java:632)\n\tat org.testng.SuiteRunner.runTest(SuiteRunner.java:366)\n\tat org.testng.SuiteRunner.runSequentially(SuiteRunner.java:361)\n\tat org.testng.SuiteRunner.privateRun(SuiteRunner.java:319)\n\tat org.testng.SuiteRunner.run(SuiteRunner.java:268)\n\tat org.testng.SuiteRunnerWorker.runSuite(SuiteRunnerWorker.java:52)\n\tat org.testng.SuiteRunnerWorker.run(SuiteRunnerWorker.java:86)\n\tat org.testng.TestNG.runSuitesSequentially(TestNG.java:1244)\n\tat org.testng.TestNG.runSuitesLocally(TestNG.java:1169)\n\tat org.testng.TestNG.run(TestNG.java:1064)\n\tat org.apache.maven.surefire.testng.TestNGExecutor.run(TestNGExecutor.java:281)\n\tat org.apache.maven.surefire.testng.TestNGXmlTestSuite.execute(TestNGXmlTestSuite.java:75)\n\tat org.apache.maven.surefire.testng.TestNGProvider.invoke(TestNGProvider.java:121)\n\tat org.apache.maven.surefire.booter.ForkedBooter.invokeProviderInSameClassLoader(ForkedBooter.java:290)\n\tat org.apache.maven.surefire.booter.ForkedBooter.runSuitesInProcess(ForkedBooter.java:242)\n\tat org.apache.maven.surefire.booter.ForkedBooter.main(ForkedBooter.java:121)\n"
      },
      "testCases" : [ {
        "uid" : "19ca39bb721ae65",
        "name" : "TC_PA_008_To_TC_PA_022_errorScenarios[hemanthabc@gmail.com,hemanth,sridhar,,test12345,address4,address5,Topeka,Kansas,66601,1234567890,Super User,,,Please enter Password.]",
        "title" : "TC PA 008 to TC PA 022 error scenarios [hemanthabc@gmail.com,hemanth,sridhar,,test12345,address4,address5,Topeka,Kansas,66601,1234567890,Super User,,,Please enter Password.]",
        "time" : {
          "start" : 1462551027269,
          "stop" : 1462551045477,
          "duration" : 18208
        },
        "severity" : "NORMAL",
        "status" : "FAILED"
      } ]
    }, {
      "uid" : "62eb80122d295503",
      "failure" : {
        "message" : "AssertionError: expected [Please enter Confirm Password.] but found []",
        "stackTrace" : "java.lang.AssertionError: expected [Please enter Confirm Password.] but found []\n\tat org.testng.Assert.fail(Assert.java:94)\n\tat org.testng.Assert.failNotEquals(Assert.java:513)\n\tat org.testng.Assert.assertEqualsImpl(Assert.java:135)\n\tat org.testng.Assert.assertEquals(Assert.java:116)\n\tat org.testng.Assert.assertEquals(Assert.java:190)\n\tat org.testng.Assert.assertEquals(Assert.java:200)\n\tat org.etna.customer.pageobjects.AddNewPurchasingAgentPageObjects.verifyErrorMsg(AddNewPurchasingAgentPageObjects.java:328)\n\tat org.etna.testdefinitions.APAModuleTest.TC_PA_008_To_TC_PA_022_errorScenarios(APAModuleTest.java:126)\n\tat org.etna.testdeclarations.TestDeclarations.TC_PA_008_To_TC_PA_022_errorScenarios(TestDeclarations.java:73)\n\tat sun.reflect.NativeMethodAccessorImpl.invoke0(Native Method)\n\tat sun.reflect.NativeMethodAccessorImpl.invoke(NativeMethodAccessorImpl.java:62)\n\tat sun.reflect.DelegatingMethodAccessorImpl.invoke(DelegatingMethodAccessorImpl.java:43)\n\tat java.lang.reflect.Method.invoke(Method.java:497)\n\tat org.testng.internal.MethodInvocationHelper.invokeMethod(MethodInvocationHelper.java:86)\n\tat org.testng.internal.MethodInvocationHelper$1.runTestMethod(MethodInvocationHelper.java:197)\n\tat org.etna.maincontroller.MainController.run(MainController.java:369)\n\tat org.testng.internal.MethodInvocationHelper.invokeHookable(MethodInvocationHelper.java:209)\n\tat org.testng.internal.Invoker.invokeMethod(Invoker.java:639)\n\tat org.testng.internal.Invoker.invokeTestMethod(Invoker.java:820)\n\tat org.testng.internal.Invoker.invokeTestMethods(Invoker.java:1128)\n\tat org.testng.internal.TestMethodWorker.invokeTestMethods(TestMethodWorker.java:129)\n\tat org.testng.internal.TestMethodWorker.run(TestMethodWorker.java:112)\n\tat org.testng.TestRunner.privateRun(TestRunner.java:782)\n\tat org.testng.TestRunner.run(TestRunner.java:632)\n\tat org.testng.SuiteRunner.runTest(SuiteRunner.java:366)\n\tat org.testng.SuiteRunner.runSequentially(SuiteRunner.java:361)\n\tat org.testng.SuiteRunner.privateRun(SuiteRunner.java:319)\n\tat org.testng.SuiteRunner.run(SuiteRunner.java:268)\n\tat org.testng.SuiteRunnerWorker.runSuite(SuiteRunnerWorker.java:52)\n\tat org.testng.SuiteRunnerWorker.run(SuiteRunnerWorker.java:86)\n\tat org.testng.TestNG.runSuitesSequentially(TestNG.java:1244)\n\tat org.testng.TestNG.runSuitesLocally(TestNG.java:1169)\n\tat org.testng.TestNG.run(TestNG.java:1064)\n\tat org.apache.maven.surefire.testng.TestNGExecutor.run(TestNGExecutor.java:281)\n\tat org.apache.maven.surefire.testng.TestNGXmlTestSuite.execute(TestNGXmlTestSuite.java:75)\n\tat org.apache.maven.surefire.testng.TestNGProvider.invoke(TestNGProvider.java:121)\n\tat org.apache.maven.surefire.booter.ForkedBooter.invokeProviderInSameClassLoader(ForkedBooter.java:290)\n\tat org.apache.maven.surefire.booter.ForkedBooter.runSuitesInProcess(ForkedBooter.java:242)\n\tat org.apache.maven.surefire.booter.ForkedBooter.main(ForkedBooter.java:121)\n"
      },
      "testCases" : [ {
        "uid" : "3d44e8d83bc3bfb4",
        "name" : "TC_PA_008_To_TC_PA_022_errorScenarios[hemanthabc@gmail.com,hemanth,sridhar,test12345,,address5,address6,Topeka,Kansas,66601,1234567890,Super User,,,Please enter Confirm Password.]",
        "title" : "TC PA 008 to TC PA 022 error scenarios [hemanthabc@gmail.com,hemanth,sridhar,test12345,,address5,address6,Topeka,Kansas,66601,1234567890,Super User,,,Please enter Confirm Password.]",
        "time" : {
          "start" : 1462551048040,
          "stop" : 1462551063827,
          "duration" : 15787
        },
        "severity" : "NORMAL",
        "status" : "FAILED"
      } ]
    }, {
      "uid" : "309abf4198645229",
      "failure" : {
        "message" : "AssertionError: expected [Please enter Address 1] but found []",
        "stackTrace" : "java.lang.AssertionError: expected [Please enter Address 1] but found []\n\tat org.testng.Assert.fail(Assert.java:94)\n\tat org.testng.Assert.failNotEquals(Assert.java:513)\n\tat org.testng.Assert.assertEqualsImpl(Assert.java:135)\n\tat org.testng.Assert.assertEquals(Assert.java:116)\n\tat org.testng.Assert.assertEquals(Assert.java:190)\n\tat org.testng.Assert.assertEquals(Assert.java:200)\n\tat org.etna.customer.pageobjects.AddNewPurchasingAgentPageObjects.verifyErrorMsg(AddNewPurchasingAgentPageObjects.java:328)\n\tat org.etna.testdefinitions.APAModuleTest.TC_PA_008_To_TC_PA_022_errorScenarios(APAModuleTest.java:126)\n\tat org.etna.testdeclarations.TestDeclarations.TC_PA_008_To_TC_PA_022_errorScenarios(TestDeclarations.java:73)\n\tat sun.reflect.NativeMethodAccessorImpl.invoke0(Native Method)\n\tat sun.reflect.NativeMethodAccessorImpl.invoke(NativeMethodAccessorImpl.java:62)\n\tat sun.reflect.DelegatingMethodAccessorImpl.invoke(DelegatingMethodAccessorImpl.java:43)\n\tat java.lang.reflect.Method.invoke(Method.java:497)\n\tat org.testng.internal.MethodInvocationHelper.invokeMethod(MethodInvocationHelper.java:86)\n\tat org.testng.internal.MethodInvocationHelper$1.runTestMethod(MethodInvocationHelper.java:197)\n\tat org.etna.maincontroller.MainController.run(MainController.java:369)\n\tat org.testng.internal.MethodInvocationHelper.invokeHookable(MethodInvocationHelper.java:209)\n\tat org.testng.internal.Invoker.invokeMethod(Invoker.java:639)\n\tat org.testng.internal.Invoker.invokeTestMethod(Invoker.java:820)\n\tat org.testng.internal.Invoker.invokeTestMethods(Invoker.java:1128)\n\tat org.testng.internal.TestMethodWorker.invokeTestMethods(TestMethodWorker.java:129)\n\tat org.testng.internal.TestMethodWorker.run(TestMethodWorker.java:112)\n\tat org.testng.TestRunner.privateRun(TestRunner.java:782)\n\tat org.testng.TestRunner.run(TestRunner.java:632)\n\tat org.testng.SuiteRunner.runTest(SuiteRunner.java:366)\n\tat org.testng.SuiteRunner.runSequentially(SuiteRunner.java:361)\n\tat org.testng.SuiteRunner.privateRun(SuiteRunner.java:319)\n\tat org.testng.SuiteRunner.run(SuiteRunner.java:268)\n\tat org.testng.SuiteRunnerWorker.runSuite(SuiteRunnerWorker.java:52)\n\tat org.testng.SuiteRunnerWorker.run(SuiteRunnerWorker.java:86)\n\tat org.testng.TestNG.runSuitesSequentially(TestNG.java:1244)\n\tat org.testng.TestNG.runSuitesLocally(TestNG.java:1169)\n\tat org.testng.TestNG.run(TestNG.java:1064)\n\tat org.apache.maven.surefire.testng.TestNGExecutor.run(TestNGExecutor.java:281)\n\tat org.apache.maven.surefire.testng.TestNGXmlTestSuite.execute(TestNGXmlTestSuite.java:75)\n\tat org.apache.maven.surefire.testng.TestNGProvider.invoke(TestNGProvider.java:121)\n\tat org.apache.maven.surefire.booter.ForkedBooter.invokeProviderInSameClassLoader(ForkedBooter.java:290)\n\tat org.apache.maven.surefire.booter.ForkedBooter.runSuitesInProcess(ForkedBooter.java:242)\n\tat org.apache.maven.surefire.booter.ForkedBooter.main(ForkedBooter.java:121)\n"
      },
      "testCases" : [ {
        "uid" : "1225073d9510a156",
        "name" : "TC_PA_008_To_TC_PA_022_errorScenarios[hemanthabc@gmail.com,hemanth,sridhar,test12345,test12345,,address7,Topeka,Kansas,66601,1234567890,Super User,,,Please enter Address 1]",
        "title" : "TC PA 008 to TC PA 022 error scenarios [hemanthabc@gmail.com,hemanth,sridhar,test12345,test12345,,address7,Topeka,Kansas,66601,1234567890,Super User,,,Please enter Address 1]",
        "time" : {
          "start" : 1462551066852,
          "stop" : 1462551082150,
          "duration" : 15298
        },
        "severity" : "NORMAL",
        "status" : "FAILED"
      } ]
    }, {
      "uid" : "913d00e5b5d174e3",
      "failure" : {
        "message" : "AssertionError: expected [Please enter City.] but found []",
        "stackTrace" : "java.lang.AssertionError: expected [Please enter City.] but found []\n\tat org.testng.Assert.fail(Assert.java:94)\n\tat org.testng.Assert.failNotEquals(Assert.java:513)\n\tat org.testng.Assert.assertEqualsImpl(Assert.java:135)\n\tat org.testng.Assert.assertEquals(Assert.java:116)\n\tat org.testng.Assert.assertEquals(Assert.java:190)\n\tat org.testng.Assert.assertEquals(Assert.java:200)\n\tat org.etna.customer.pageobjects.AddNewPurchasingAgentPageObjects.verifyErrorMsg(AddNewPurchasingAgentPageObjects.java:328)\n\tat org.etna.testdefinitions.APAModuleTest.TC_PA_008_To_TC_PA_022_errorScenarios(APAModuleTest.java:126)\n\tat org.etna.testdeclarations.TestDeclarations.TC_PA_008_To_TC_PA_022_errorScenarios(TestDeclarations.java:73)\n\tat sun.reflect.NativeMethodAccessorImpl.invoke0(Native Method)\n\tat sun.reflect.NativeMethodAccessorImpl.invoke(NativeMethodAccessorImpl.java:62)\n\tat sun.reflect.DelegatingMethodAccessorImpl.invoke(DelegatingMethodAccessorImpl.java:43)\n\tat java.lang.reflect.Method.invoke(Method.java:497)\n\tat org.testng.internal.MethodInvocationHelper.invokeMethod(MethodInvocationHelper.java:86)\n\tat org.testng.internal.MethodInvocationHelper$1.runTestMethod(MethodInvocationHelper.java:197)\n\tat org.etna.maincontroller.MainController.run(MainController.java:369)\n\tat org.testng.internal.MethodInvocationHelper.invokeHookable(MethodInvocationHelper.java:209)\n\tat org.testng.internal.Invoker.invokeMethod(Invoker.java:639)\n\tat org.testng.internal.Invoker.invokeTestMethod(Invoker.java:820)\n\tat org.testng.internal.Invoker.invokeTestMethods(Invoker.java:1128)\n\tat org.testng.internal.TestMethodWorker.invokeTestMethods(TestMethodWorker.java:129)\n\tat org.testng.internal.TestMethodWorker.run(TestMethodWorker.java:112)\n\tat org.testng.TestRunner.privateRun(TestRunner.java:782)\n\tat org.testng.TestRunner.run(TestRunner.java:632)\n\tat org.testng.SuiteRunner.runTest(SuiteRunner.java:366)\n\tat org.testng.SuiteRunner.runSequentially(SuiteRunner.java:361)\n\tat org.testng.SuiteRunner.privateRun(SuiteRunner.java:319)\n\tat org.testng.SuiteRunner.run(SuiteRunner.java:268)\n\tat org.testng.SuiteRunnerWorker.runSuite(SuiteRunnerWorker.java:52)\n\tat org.testng.SuiteRunnerWorker.run(SuiteRunnerWorker.java:86)\n\tat org.testng.TestNG.runSuitesSequentially(TestNG.java:1244)\n\tat org.testng.TestNG.runSuitesLocally(TestNG.java:1169)\n\tat org.testng.TestNG.run(TestNG.java:1064)\n\tat org.apache.maven.surefire.testng.TestNGExecutor.run(TestNGExecutor.java:281)\n\tat org.apache.maven.surefire.testng.TestNGXmlTestSuite.execute(TestNGXmlTestSuite.java:75)\n\tat org.apache.maven.surefire.testng.TestNGProvider.invoke(TestNGProvider.java:121)\n\tat org.apache.maven.surefire.booter.ForkedBooter.invokeProviderInSameClassLoader(ForkedBooter.java:290)\n\tat org.apache.maven.surefire.booter.ForkedBooter.runSuitesInProcess(ForkedBooter.java:242)\n\tat org.apache.maven.surefire.booter.ForkedBooter.main(ForkedBooter.java:121)\n"
      },
      "testCases" : [ {
        "uid" : "4996ce47ac1e81cc",
        "name" : "TC_PA_008_To_TC_PA_022_errorScenarios[hemanthabc@gmail.com,hemanth,sridhar,test12345,test12345,address7,address8,,Kansas,66601,1234567890,Super User,,,Please enter City.]",
        "title" : "TC PA 008 to TC PA 022 error scenarios [hemanthabc@gmail.com,hemanth,sridhar,test12345,test12345,address7,address8,,Kansas,66601,1234567890,Super User,,,Please enter City.]",
        "time" : {
          "start" : 1462551084469,
          "stop" : 1462551101524,
          "duration" : 17055
        },
        "severity" : "NORMAL",
        "status" : "FAILED"
      } ]
    }, {
      "uid" : "35cb65d4ffd46466",
      "failure" : {
        "message" : "AssertionError: expected [Please select/enter State.] but found []",
        "stackTrace" : "java.lang.AssertionError: expected [Please select/enter State.] but found []\n\tat org.testng.Assert.fail(Assert.java:94)\n\tat org.testng.Assert.failNotEquals(Assert.java:513)\n\tat org.testng.Assert.assertEqualsImpl(Assert.java:135)\n\tat org.testng.Assert.assertEquals(Assert.java:116)\n\tat org.testng.Assert.assertEquals(Assert.java:190)\n\tat org.testng.Assert.assertEquals(Assert.java:200)\n\tat org.etna.customer.pageobjects.AddNewPurchasingAgentPageObjects.verifyErrorMsg(AddNewPurchasingAgentPageObjects.java:328)\n\tat org.etna.testdefinitions.APAModuleTest.TC_PA_008_To_TC_PA_022_errorScenarios(APAModuleTest.java:126)\n\tat org.etna.testdeclarations.TestDeclarations.TC_PA_008_To_TC_PA_022_errorScenarios(TestDeclarations.java:73)\n\tat sun.reflect.NativeMethodAccessorImpl.invoke0(Native Method)\n\tat sun.reflect.NativeMethodAccessorImpl.invoke(NativeMethodAccessorImpl.java:62)\n\tat sun.reflect.DelegatingMethodAccessorImpl.invoke(DelegatingMethodAccessorImpl.java:43)\n\tat java.lang.reflect.Method.invoke(Method.java:497)\n\tat org.testng.internal.MethodInvocationHelper.invokeMethod(MethodInvocationHelper.java:86)\n\tat org.testng.internal.MethodInvocationHelper$1.runTestMethod(MethodInvocationHelper.java:197)\n\tat org.etna.maincontroller.MainController.run(MainController.java:369)\n\tat org.testng.internal.MethodInvocationHelper.invokeHookable(MethodInvocationHelper.java:209)\n\tat org.testng.internal.Invoker.invokeMethod(Invoker.java:639)\n\tat org.testng.internal.Invoker.invokeTestMethod(Invoker.java:820)\n\tat org.testng.internal.Invoker.invokeTestMethods(Invoker.java:1128)\n\tat org.testng.internal.TestMethodWorker.invokeTestMethods(TestMethodWorker.java:129)\n\tat org.testng.internal.TestMethodWorker.run(TestMethodWorker.java:112)\n\tat org.testng.TestRunner.privateRun(TestRunner.java:782)\n\tat org.testng.TestRunner.run(TestRunner.java:632)\n\tat org.testng.SuiteRunner.runTest(SuiteRunner.java:366)\n\tat org.testng.SuiteRunner.runSequentially(SuiteRunner.java:361)\n\tat org.testng.SuiteRunner.privateRun(SuiteRunner.java:319)\n\tat org.testng.SuiteRunner.run(SuiteRunner.java:268)\n\tat org.testng.SuiteRunnerWorker.runSuite(SuiteRunnerWorker.java:52)\n\tat org.testng.SuiteRunnerWorker.run(SuiteRunnerWorker.java:86)\n\tat org.testng.TestNG.runSuitesSequentially(TestNG.java:1244)\n\tat org.testng.TestNG.runSuitesLocally(TestNG.java:1169)\n\tat org.testng.TestNG.run(TestNG.java:1064)\n\tat org.apache.maven.surefire.testng.TestNGExecutor.run(TestNGExecutor.java:281)\n\tat org.apache.maven.surefire.testng.TestNGXmlTestSuite.execute(TestNGXmlTestSuite.java:75)\n\tat org.apache.maven.surefire.testng.TestNGProvider.invoke(TestNGProvider.java:121)\n\tat org.apache.maven.surefire.booter.ForkedBooter.invokeProviderInSameClassLoader(ForkedBooter.java:290)\n\tat org.apache.maven.surefire.booter.ForkedBooter.runSuitesInProcess(ForkedBooter.java:242)\n\tat org.apache.maven.surefire.booter.ForkedBooter.main(ForkedBooter.java:121)\n"
      },
      "testCases" : [ {
        "uid" : "ecf484d0e3a5ec5c",
        "name" : "TC_PA_008_To_TC_PA_022_errorScenarios[hemanthabc@gmail.com,hemanth,sridhar,test12345,test12345,address8,address9,Topeka,,66601,1234567890,Super User,,,Please select/enter State.]",
        "title" : "TC PA 008 to TC PA 022 error scenarios [hemanthabc@gmail.com,hemanth,sridhar,test12345,test12345,address8,address9,Topeka,,66601,1234567890,Super User,,,Please select/enter State.]",
        "time" : {
          "start" : 1462551105011,
          "stop" : 1462551121076,
          "duration" : 16065
        },
        "severity" : "NORMAL",
        "status" : "FAILED"
      } ]
    }, {
      "uid" : "5cac8c9834a03177",
      "failure" : {
        "message" : "AssertionError: expected [Please enter Zipcode.] but found []",
        "stackTrace" : "java.lang.AssertionError: expected [Please enter Zipcode.] but found []\n\tat org.testng.Assert.fail(Assert.java:94)\n\tat org.testng.Assert.failNotEquals(Assert.java:513)\n\tat org.testng.Assert.assertEqualsImpl(Assert.java:135)\n\tat org.testng.Assert.assertEquals(Assert.java:116)\n\tat org.testng.Assert.assertEquals(Assert.java:190)\n\tat org.testng.Assert.assertEquals(Assert.java:200)\n\tat org.etna.customer.pageobjects.AddNewPurchasingAgentPageObjects.verifyErrorMsg(AddNewPurchasingAgentPageObjects.java:328)\n\tat org.etna.testdefinitions.APAModuleTest.TC_PA_008_To_TC_PA_022_errorScenarios(APAModuleTest.java:126)\n\tat org.etna.testdeclarations.TestDeclarations.TC_PA_008_To_TC_PA_022_errorScenarios(TestDeclarations.java:73)\n\tat sun.reflect.NativeMethodAccessorImpl.invoke0(Native Method)\n\tat sun.reflect.NativeMethodAccessorImpl.invoke(NativeMethodAccessorImpl.java:62)\n\tat sun.reflect.DelegatingMethodAccessorImpl.invoke(DelegatingMethodAccessorImpl.java:43)\n\tat java.lang.reflect.Method.invoke(Method.java:497)\n\tat org.testng.internal.MethodInvocationHelper.invokeMethod(MethodInvocationHelper.java:86)\n\tat org.testng.internal.MethodInvocationHelper$1.runTestMethod(MethodInvocationHelper.java:197)\n\tat org.etna.maincontroller.MainController.run(MainController.java:369)\n\tat org.testng.internal.MethodInvocationHelper.invokeHookable(MethodInvocationHelper.java:209)\n\tat org.testng.internal.Invoker.invokeMethod(Invoker.java:639)\n\tat org.testng.internal.Invoker.invokeTestMethod(Invoker.java:820)\n\tat org.testng.internal.Invoker.invokeTestMethods(Invoker.java:1128)\n\tat org.testng.internal.TestMethodWorker.invokeTestMethods(TestMethodWorker.java:129)\n\tat org.testng.internal.TestMethodWorker.run(TestMethodWorker.java:112)\n\tat org.testng.TestRunner.privateRun(TestRunner.java:782)\n\tat org.testng.TestRunner.run(TestRunner.java:632)\n\tat org.testng.SuiteRunner.runTest(SuiteRunner.java:366)\n\tat org.testng.SuiteRunner.runSequentially(SuiteRunner.java:361)\n\tat org.testng.SuiteRunner.privateRun(SuiteRunner.java:319)\n\tat org.testng.SuiteRunner.run(SuiteRunner.java:268)\n\tat org.testng.SuiteRunnerWorker.runSuite(SuiteRunnerWorker.java:52)\n\tat org.testng.SuiteRunnerWorker.run(SuiteRunnerWorker.java:86)\n\tat org.testng.TestNG.runSuitesSequentially(TestNG.java:1244)\n\tat org.testng.TestNG.runSuitesLocally(TestNG.java:1169)\n\tat org.testng.TestNG.run(TestNG.java:1064)\n\tat org.apache.maven.surefire.testng.TestNGExecutor.run(TestNGExecutor.java:281)\n\tat org.apache.maven.surefire.testng.TestNGXmlTestSuite.execute(TestNGXmlTestSuite.java:75)\n\tat org.apache.maven.surefire.testng.TestNGProvider.invoke(TestNGProvider.java:121)\n\tat org.apache.maven.surefire.booter.ForkedBooter.invokeProviderInSameClassLoader(ForkedBooter.java:290)\n\tat org.apache.maven.surefire.booter.ForkedBooter.runSuitesInProcess(ForkedBooter.java:242)\n\tat org.apache.maven.surefire.booter.ForkedBooter.main(ForkedBooter.java:121)\n"
      },
      "testCases" : [ {
        "uid" : "566de7a5712d9334",
        "name" : "TC_PA_008_To_TC_PA_022_errorScenarios[hemanthabc@gmail.com,hemanth,sridhar,test12345,test12345,address9,address10,Topeka,Kansas,,1234567890,Super User,,,Please enter Zipcode.]",
        "title" : "TC PA 008 to TC PA 022 error scenarios [hemanthabc@gmail.com,hemanth,sridhar,test12345,test12345,address9,address10,Topeka,Kansas,,1234567890,Super User,,,Please enter Zipcode.]",
        "time" : {
          "start" : 1462551123315,
          "stop" : 1462551138970,
          "duration" : 15655
        },
        "severity" : "NORMAL",
        "status" : "FAILED"
      } ]
    }, {
      "uid" : "82f1591a0b5e0854",
      "failure" : {
        "message" : "AssertionError: expected [Please enter Phone Number.] but found []",
        "stackTrace" : "java.lang.AssertionError: expected [Please enter Phone Number.] but found []\n\tat org.testng.Assert.fail(Assert.java:94)\n\tat org.testng.Assert.failNotEquals(Assert.java:513)\n\tat org.testng.Assert.assertEqualsImpl(Assert.java:135)\n\tat org.testng.Assert.assertEquals(Assert.java:116)\n\tat org.testng.Assert.assertEquals(Assert.java:190)\n\tat org.testng.Assert.assertEquals(Assert.java:200)\n\tat org.etna.customer.pageobjects.AddNewPurchasingAgentPageObjects.verifyErrorMsg(AddNewPurchasingAgentPageObjects.java:328)\n\tat org.etna.testdefinitions.APAModuleTest.TC_PA_008_To_TC_PA_022_errorScenarios(APAModuleTest.java:126)\n\tat org.etna.testdeclarations.TestDeclarations.TC_PA_008_To_TC_PA_022_errorScenarios(TestDeclarations.java:73)\n\tat sun.reflect.NativeMethodAccessorImpl.invoke0(Native Method)\n\tat sun.reflect.NativeMethodAccessorImpl.invoke(NativeMethodAccessorImpl.java:62)\n\tat sun.reflect.DelegatingMethodAccessorImpl.invoke(DelegatingMethodAccessorImpl.java:43)\n\tat java.lang.reflect.Method.invoke(Method.java:497)\n\tat org.testng.internal.MethodInvocationHelper.invokeMethod(MethodInvocationHelper.java:86)\n\tat org.testng.internal.MethodInvocationHelper$1.runTestMethod(MethodInvocationHelper.java:197)\n\tat org.etna.maincontroller.MainController.run(MainController.java:369)\n\tat org.testng.internal.MethodInvocationHelper.invokeHookable(MethodInvocationHelper.java:209)\n\tat org.testng.internal.Invoker.invokeMethod(Invoker.java:639)\n\tat org.testng.internal.Invoker.invokeTestMethod(Invoker.java:820)\n\tat org.testng.internal.Invoker.invokeTestMethods(Invoker.java:1128)\n\tat org.testng.internal.TestMethodWorker.invokeTestMethods(TestMethodWorker.java:129)\n\tat org.testng.internal.TestMethodWorker.run(TestMethodWorker.java:112)\n\tat org.testng.TestRunner.privateRun(TestRunner.java:782)\n\tat org.testng.TestRunner.run(TestRunner.java:632)\n\tat org.testng.SuiteRunner.runTest(SuiteRunner.java:366)\n\tat org.testng.SuiteRunner.runSequentially(SuiteRunner.java:361)\n\tat org.testng.SuiteRunner.privateRun(SuiteRunner.java:319)\n\tat org.testng.SuiteRunner.run(SuiteRunner.java:268)\n\tat org.testng.SuiteRunnerWorker.runSuite(SuiteRunnerWorker.java:52)\n\tat org.testng.SuiteRunnerWorker.run(SuiteRunnerWorker.java:86)\n\tat org.testng.TestNG.runSuitesSequentially(TestNG.java:1244)\n\tat org.testng.TestNG.runSuitesLocally(TestNG.java:1169)\n\tat org.testng.TestNG.run(TestNG.java:1064)\n\tat org.apache.maven.surefire.testng.TestNGExecutor.run(TestNGExecutor.java:281)\n\tat org.apache.maven.surefire.testng.TestNGXmlTestSuite.execute(TestNGXmlTestSuite.java:75)\n\tat org.apache.maven.surefire.testng.TestNGProvider.invoke(TestNGProvider.java:121)\n\tat org.apache.maven.surefire.booter.ForkedBooter.invokeProviderInSameClassLoader(ForkedBooter.java:290)\n\tat org.apache.maven.surefire.booter.ForkedBooter.runSuitesInProcess(ForkedBooter.java:242)\n\tat org.apache.maven.surefire.booter.ForkedBooter.main(ForkedBooter.java:121)\n"
      },
      "testCases" : [ {
        "uid" : "9857f857b3f08a02",
        "name" : "TC_PA_008_To_TC_PA_022_errorScenarios[hemanthabc@gmail.com,hemanth,sridhar,test12345,test12345,address10,address11,Topeka,Kansas,66601,,Super User,,,Please enter Phone Number.]",
        "title" : "TC PA 008 to TC PA 022 error scenarios [hemanthabc@gmail.com,hemanth,sridhar,test12345,test12345,address10,address11,Topeka,Kansas,66601,,Super User,,,Please enter Phone Number.]",
        "time" : {
          "start" : 1462551141524,
          "stop" : 1462551156484,
          "duration" : 14960
        },
        "severity" : "NORMAL",
        "status" : "FAILED"
      } ]
    }, {
      "uid" : "c746dc4f3259a929",
      "failure" : {
        "message" : "AssertionError: expected [Please enter Email Address.Please enter First Name.Please enter Last Name.Please enter Password.Please enter Confirm Password.Please enter Address 1Please enter City.Please select/enter State.Please enter Zipcode.Please enter Phone Number.] but found []",
        "stackTrace" : "java.lang.AssertionError: expected [Please enter Email Address.Please enter First Name.Please enter Last Name.Please enter Password.Please enter Confirm Password.Please enter Address 1Please enter City.Please select/enter State.Please enter Zipcode.Please enter Phone Number.] but found []\n\tat org.testng.Assert.fail(Assert.java:94)\n\tat org.testng.Assert.failNotEquals(Assert.java:513)\n\tat org.testng.Assert.assertEqualsImpl(Assert.java:135)\n\tat org.testng.Assert.assertEquals(Assert.java:116)\n\tat org.testng.Assert.assertEquals(Assert.java:190)\n\tat org.testng.Assert.assertEquals(Assert.java:200)\n\tat org.etna.customer.pageobjects.AddNewPurchasingAgentPageObjects.verifyErrorMsg(AddNewPurchasingAgentPageObjects.java:328)\n\tat org.etna.testdefinitions.APAModuleTest.TC_PA_008_To_TC_PA_022_errorScenarios(APAModuleTest.java:126)\n\tat org.etna.testdeclarations.TestDeclarations.TC_PA_008_To_TC_PA_022_errorScenarios(TestDeclarations.java:73)\n\tat sun.reflect.NativeMethodAccessorImpl.invoke0(Native Method)\n\tat sun.reflect.NativeMethodAccessorImpl.invoke(NativeMethodAccessorImpl.java:62)\n\tat sun.reflect.DelegatingMethodAccessorImpl.invoke(DelegatingMethodAccessorImpl.java:43)\n\tat java.lang.reflect.Method.invoke(Method.java:497)\n\tat org.testng.internal.MethodInvocationHelper.invokeMethod(MethodInvocationHelper.java:86)\n\tat org.testng.internal.MethodInvocationHelper$1.runTestMethod(MethodInvocationHelper.java:197)\n\tat org.etna.maincontroller.MainController.run(MainController.java:369)\n\tat org.testng.internal.MethodInvocationHelper.invokeHookable(MethodInvocationHelper.java:209)\n\tat org.testng.internal.Invoker.invokeMethod(Invoker.java:639)\n\tat org.testng.internal.Invoker.invokeTestMethod(Invoker.java:820)\n\tat org.testng.internal.Invoker.invokeTestMethods(Invoker.java:1128)\n\tat org.testng.internal.TestMethodWorker.invokeTestMethods(TestMethodWorker.java:129)\n\tat org.testng.internal.TestMethodWorker.run(TestMethodWorker.java:112)\n\tat org.testng.TestRunner.privateRun(TestRunner.java:782)\n\tat org.testng.TestRunner.run(TestRunner.java:632)\n\tat org.testng.SuiteRunner.runTest(SuiteRunner.java:366)\n\tat org.testng.SuiteRunner.runSequentially(SuiteRunner.java:361)\n\tat org.testng.SuiteRunner.privateRun(SuiteRunner.java:319)\n\tat org.testng.SuiteRunner.run(SuiteRunner.java:268)\n\tat org.testng.SuiteRunnerWorker.runSuite(SuiteRunnerWorker.java:52)\n\tat org.testng.SuiteRunnerWorker.run(SuiteRunnerWorker.java:86)\n\tat org.testng.TestNG.runSuitesSequentially(TestNG.java:1244)\n\tat org.testng.TestNG.runSuitesLocally(TestNG.java:1169)\n\tat org.testng.TestNG.run(TestNG.java:1064)\n\tat org.apache.maven.surefire.testng.TestNGExecutor.run(TestNGExecutor.java:281)\n\tat org.apache.maven.surefire.testng.TestNGXmlTestSuite.execute(TestNGXmlTestSuite.java:75)\n\tat org.apache.maven.surefire.testng.TestNGProvider.invoke(TestNGProvider.java:121)\n\tat org.apache.maven.surefire.booter.ForkedBooter.invokeProviderInSameClassLoader(ForkedBooter.java:290)\n\tat org.apache.maven.surefire.booter.ForkedBooter.runSuitesInProcess(ForkedBooter.java:242)\n\tat org.apache.maven.surefire.booter.ForkedBooter.main(ForkedBooter.java:121)\n"
      },
      "testCases" : [ {
        "uid" : "9d9af3e005f6cea6",
        "name" : "TC_PA_008_To_TC_PA_022_errorScenarios[,,,,,,,,,,,,,,Please enter Email Address.Please enter First Name.Please enter Last Name.Please enter Password.Please enter Confirm Password.Please enter Address 1Please enter City.Please select/enter State.Please enter Zipcode.Please enter Phone Number.]",
        "title" : "TC PA 008 to TC PA 022 error scenarios [,,,,,,,,,,,,,,Please enter Email Address.Please enter First Name.Please enter Last Name.Please enter Password.Please enter Confirm Password.Please enter Address 1Please enter City.Please select/enter State.Please enter Zipcode.Please enter Phone Number.]",
        "time" : {
          "start" : 1462551159067,
          "stop" : 1462551175711,
          "duration" : 16644
        },
        "severity" : "NORMAL",
        "status" : "FAILED"
      } ]
    }, {
      "uid" : "3ca0924dd1bf5151",
      "failure" : {
        "message" : "AssertionError: expected [Password does not match with Confirm Password.] but found []",
        "stackTrace" : "java.lang.AssertionError: expected [Password does not match with Confirm Password.] but found []\n\tat org.testng.Assert.fail(Assert.java:94)\n\tat org.testng.Assert.failNotEquals(Assert.java:513)\n\tat org.testng.Assert.assertEqualsImpl(Assert.java:135)\n\tat org.testng.Assert.assertEquals(Assert.java:116)\n\tat org.testng.Assert.assertEquals(Assert.java:190)\n\tat org.testng.Assert.assertEquals(Assert.java:200)\n\tat org.etna.customer.pageobjects.AddNewPurchasingAgentPageObjects.verifyErrorMsg(AddNewPurchasingAgentPageObjects.java:328)\n\tat org.etna.testdefinitions.APAModuleTest.TC_PA_008_To_TC_PA_022_errorScenarios(APAModuleTest.java:126)\n\tat org.etna.testdeclarations.TestDeclarations.TC_PA_008_To_TC_PA_022_errorScenarios(TestDeclarations.java:73)\n\tat sun.reflect.NativeMethodAccessorImpl.invoke0(Native Method)\n\tat sun.reflect.NativeMethodAccessorImpl.invoke(NativeMethodAccessorImpl.java:62)\n\tat sun.reflect.DelegatingMethodAccessorImpl.invoke(DelegatingMethodAccessorImpl.java:43)\n\tat java.lang.reflect.Method.invoke(Method.java:497)\n\tat org.testng.internal.MethodInvocationHelper.invokeMethod(MethodInvocationHelper.java:86)\n\tat org.testng.internal.MethodInvocationHelper$1.runTestMethod(MethodInvocationHelper.java:197)\n\tat org.etna.maincontroller.MainController.run(MainController.java:369)\n\tat org.testng.internal.MethodInvocationHelper.invokeHookable(MethodInvocationHelper.java:209)\n\tat org.testng.internal.Invoker.invokeMethod(Invoker.java:639)\n\tat org.testng.internal.Invoker.invokeTestMethod(Invoker.java:820)\n\tat org.testng.internal.Invoker.invokeTestMethods(Invoker.java:1128)\n\tat org.testng.internal.TestMethodWorker.invokeTestMethods(TestMethodWorker.java:129)\n\tat org.testng.internal.TestMethodWorker.run(TestMethodWorker.java:112)\n\tat org.testng.TestRunner.privateRun(TestRunner.java:782)\n\tat org.testng.TestRunner.run(TestRunner.java:632)\n\tat org.testng.SuiteRunner.runTest(SuiteRunner.java:366)\n\tat org.testng.SuiteRunner.runSequentially(SuiteRunner.java:361)\n\tat org.testng.SuiteRunner.privateRun(SuiteRunner.java:319)\n\tat org.testng.SuiteRunner.run(SuiteRunner.java:268)\n\tat org.testng.SuiteRunnerWorker.runSuite(SuiteRunnerWorker.java:52)\n\tat org.testng.SuiteRunnerWorker.run(SuiteRunnerWorker.java:86)\n\tat org.testng.TestNG.runSuitesSequentially(TestNG.java:1244)\n\tat org.testng.TestNG.runSuitesLocally(TestNG.java:1169)\n\tat org.testng.TestNG.run(TestNG.java:1064)\n\tat org.apache.maven.surefire.testng.TestNGExecutor.run(TestNGExecutor.java:281)\n\tat org.apache.maven.surefire.testng.TestNGXmlTestSuite.execute(TestNGXmlTestSuite.java:75)\n\tat org.apache.maven.surefire.testng.TestNGProvider.invoke(TestNGProvider.java:121)\n\tat org.apache.maven.surefire.booter.ForkedBooter.invokeProviderInSameClassLoader(ForkedBooter.java:290)\n\tat org.apache.maven.surefire.booter.ForkedBooter.runSuitesInProcess(ForkedBooter.java:242)\n\tat org.apache.maven.surefire.booter.ForkedBooter.main(ForkedBooter.java:121)\n"
      },
      "testCases" : [ {
        "uid" : "9506b16c1b0582f0",
        "name" : "TC_PA_008_To_TC_PA_022_errorScenarios[hemanthabc@gmail.com,hemanth,sridhar,test12345,test123456,address10,address11,Topeka,Kansas,66601,1234567890,Super User,,,Password does not match with Confirm Password.]",
        "title" : "TC PA 008 to TC PA 022 error scenarios [hemanthabc@gmail.com,hemanth,sridhar,test12345,test123456,address10,address11,Topeka,Kansas,66601,1234567890,Super User,,,Password does not match with Confirm Password.]",
        "time" : {
          "start" : 1462551177953,
          "stop" : 1462551192707,
          "duration" : 14754
        },
        "severity" : "NORMAL",
        "status" : "FAILED"
      } ]
    }, {
      "uid" : "4a807af9313e7672",
      "failure" : {
        "message" : "AssertionError: expected [Please enter valid email address.] but found []",
        "stackTrace" : "java.lang.AssertionError: expected [Please enter valid email address.] but found []\n\tat org.testng.Assert.fail(Assert.java:94)\n\tat org.testng.Assert.failNotEquals(Assert.java:513)\n\tat org.testng.Assert.assertEqualsImpl(Assert.java:135)\n\tat org.testng.Assert.assertEquals(Assert.java:116)\n\tat org.testng.Assert.assertEquals(Assert.java:190)\n\tat org.testng.Assert.assertEquals(Assert.java:200)\n\tat org.etna.customer.pageobjects.AddNewPurchasingAgentPageObjects.verifyErrorMsg(AddNewPurchasingAgentPageObjects.java:328)\n\tat org.etna.testdefinitions.APAModuleTest.TC_PA_008_To_TC_PA_022_errorScenarios(APAModuleTest.java:126)\n\tat org.etna.testdeclarations.TestDeclarations.TC_PA_008_To_TC_PA_022_errorScenarios(TestDeclarations.java:73)\n\tat sun.reflect.NativeMethodAccessorImpl.invoke0(Native Method)\n\tat sun.reflect.NativeMethodAccessorImpl.invoke(NativeMethodAccessorImpl.java:62)\n\tat sun.reflect.DelegatingMethodAccessorImpl.invoke(DelegatingMethodAccessorImpl.java:43)\n\tat java.lang.reflect.Method.invoke(Method.java:497)\n\tat org.testng.internal.MethodInvocationHelper.invokeMethod(MethodInvocationHelper.java:86)\n\tat org.testng.internal.MethodInvocationHelper$1.runTestMethod(MethodInvocationHelper.java:197)\n\tat org.etna.maincontroller.MainController.run(MainController.java:369)\n\tat org.testng.internal.MethodInvocationHelper.invokeHookable(MethodInvocationHelper.java:209)\n\tat org.testng.internal.Invoker.invokeMethod(Invoker.java:639)\n\tat org.testng.internal.Invoker.invokeTestMethod(Invoker.java:820)\n\tat org.testng.internal.Invoker.invokeTestMethods(Invoker.java:1128)\n\tat org.testng.internal.TestMethodWorker.invokeTestMethods(TestMethodWorker.java:129)\n\tat org.testng.internal.TestMethodWorker.run(TestMethodWorker.java:112)\n\tat org.testng.TestRunner.privateRun(TestRunner.java:782)\n\tat org.testng.TestRunner.run(TestRunner.java:632)\n\tat org.testng.SuiteRunner.runTest(SuiteRunner.java:366)\n\tat org.testng.SuiteRunner.runSequentially(SuiteRunner.java:361)\n\tat org.testng.SuiteRunner.privateRun(SuiteRunner.java:319)\n\tat org.testng.SuiteRunner.run(SuiteRunner.java:268)\n\tat org.testng.SuiteRunnerWorker.runSuite(SuiteRunnerWorker.java:52)\n\tat org.testng.SuiteRunnerWorker.run(SuiteRunnerWorker.java:86)\n\tat org.testng.TestNG.runSuitesSequentially(TestNG.java:1244)\n\tat org.testng.TestNG.runSuitesLocally(TestNG.java:1169)\n\tat org.testng.TestNG.run(TestNG.java:1064)\n\tat org.apache.maven.surefire.testng.TestNGExecutor.run(TestNGExecutor.java:281)\n\tat org.apache.maven.surefire.testng.TestNGXmlTestSuite.execute(TestNGXmlTestSuite.java:75)\n\tat org.apache.maven.surefire.testng.TestNGProvider.invoke(TestNGProvider.java:121)\n\tat org.apache.maven.surefire.booter.ForkedBooter.invokeProviderInSameClassLoader(ForkedBooter.java:290)\n\tat org.apache.maven.surefire.booter.ForkedBooter.runSuitesInProcess(ForkedBooter.java:242)\n\tat org.apache.maven.surefire.booter.ForkedBooter.main(ForkedBooter.java:121)\n"
      },
      "testCases" : [ {
        "uid" : "8d4e1252f47143ea",
        "name" : "TC_PA_008_To_TC_PA_022_errorScenarios[hemanth,hemanth,sridhar,test12345,test12345,address10,address11,Topeka,Kansas,66601,1234567890,Super User,,,Please enter valid email address.]",
        "title" : "TC PA 008 to TC PA 022 error scenarios [hemanth,hemanth,sridhar,test12345,test12345,address10,address11,Topeka,Kansas,66601,1234567890,Super User,,,Please enter valid email address.]",
        "time" : {
          "start" : 1462551195034,
          "stop" : 1462551212135,
          "duration" : 17101
        },
        "severity" : "NORMAL",
        "status" : "FAILED"
      } ]
    }, {
      "uid" : "1be9777d63bf3527",
      "failure" : {
        "message" : "AssertionError: expected [Please enter valid Phone Number (e.g. 123-456-7896,(954) 555-1234, 4561237896).] but found []",
        "stackTrace" : "java.lang.AssertionError: expected [Please enter valid Phone Number (e.g. 123-456-7896,(954) 555-1234, 4561237896).] but found []\n\tat org.testng.Assert.fail(Assert.java:94)\n\tat org.testng.Assert.failNotEquals(Assert.java:513)\n\tat org.testng.Assert.assertEqualsImpl(Assert.java:135)\n\tat org.testng.Assert.assertEquals(Assert.java:116)\n\tat org.testng.Assert.assertEquals(Assert.java:190)\n\tat org.testng.Assert.assertEquals(Assert.java:200)\n\tat org.etna.customer.pageobjects.AddNewPurchasingAgentPageObjects.verifyErrorMsg(AddNewPurchasingAgentPageObjects.java:328)\n\tat org.etna.testdefinitions.APAModuleTest.TC_PA_008_To_TC_PA_022_errorScenarios(APAModuleTest.java:126)\n\tat org.etna.testdeclarations.TestDeclarations.TC_PA_008_To_TC_PA_022_errorScenarios(TestDeclarations.java:73)\n\tat sun.reflect.NativeMethodAccessorImpl.invoke0(Native Method)\n\tat sun.reflect.NativeMethodAccessorImpl.invoke(NativeMethodAccessorImpl.java:62)\n\tat sun.reflect.DelegatingMethodAccessorImpl.invoke(DelegatingMethodAccessorImpl.java:43)\n\tat java.lang.reflect.Method.invoke(Method.java:497)\n\tat org.testng.internal.MethodInvocationHelper.invokeMethod(MethodInvocationHelper.java:86)\n\tat org.testng.internal.MethodInvocationHelper$1.runTestMethod(MethodInvocationHelper.java:197)\n\tat org.etna.maincontroller.MainController.run(MainController.java:369)\n\tat org.testng.internal.MethodInvocationHelper.invokeHookable(MethodInvocationHelper.java:209)\n\tat org.testng.internal.Invoker.invokeMethod(Invoker.java:639)\n\tat org.testng.internal.Invoker.invokeTestMethod(Invoker.java:820)\n\tat org.testng.internal.Invoker.invokeTestMethods(Invoker.java:1128)\n\tat org.testng.internal.TestMethodWorker.invokeTestMethods(TestMethodWorker.java:129)\n\tat org.testng.internal.TestMethodWorker.run(TestMethodWorker.java:112)\n\tat org.testng.TestRunner.privateRun(TestRunner.java:782)\n\tat org.testng.TestRunner.run(TestRunner.java:632)\n\tat org.testng.SuiteRunner.runTest(SuiteRunner.java:366)\n\tat org.testng.SuiteRunner.runSequentially(SuiteRunner.java:361)\n\tat org.testng.SuiteRunner.privateRun(SuiteRunner.java:319)\n\tat org.testng.SuiteRunner.run(SuiteRunner.java:268)\n\tat org.testng.SuiteRunnerWorker.runSuite(SuiteRunnerWorker.java:52)\n\tat org.testng.SuiteRunnerWorker.run(SuiteRunnerWorker.java:86)\n\tat org.testng.TestNG.runSuitesSequentially(TestNG.java:1244)\n\tat org.testng.TestNG.runSuitesLocally(TestNG.java:1169)\n\tat org.testng.TestNG.run(TestNG.java:1064)\n\tat org.apache.maven.surefire.testng.TestNGExecutor.run(TestNGExecutor.java:281)\n\tat org.apache.maven.surefire.testng.TestNGXmlTestSuite.execute(TestNGXmlTestSuite.java:75)\n\tat org.apache.maven.surefire.testng.TestNGProvider.invoke(TestNGProvider.java:121)\n\tat org.apache.maven.surefire.booter.ForkedBooter.invokeProviderInSameClassLoader(ForkedBooter.java:290)\n\tat org.apache.maven.surefire.booter.ForkedBooter.runSuitesInProcess(ForkedBooter.java:242)\n\tat org.apache.maven.surefire.booter.ForkedBooter.main(ForkedBooter.java:121)\n"
      },
      "testCases" : [ {
        "uid" : "11ebc840ec4f82b",
        "name" : "TC_PA_008_To_TC_PA_022_errorScenarios[hemanthabc@gmail.com,hemanth,sridhar,test12345,test12345,address10,address11,Topeka,Kansas,66601,1234567890123,Super User,,,Please enter valid Phone Number (e.g. 123-456-7896,(954) 555-1234, 4561237896).\t]",
        "title" : "TC PA 008 to TC PA 022 error scenarios [hemanthabc@gmail.com,hemanth,sridhar,test12345,test12345,address10,address11,Topeka,Kansas,66601,1234567890123,Super User,,,Please enter valid Phone Number (e.g. 123-456-7896,(954) 555-1234, 4561237896).\t]",
        "time" : {
          "start" : 1462551214240,
          "stop" : 1462551230030,
          "duration" : 15790
        },
        "severity" : "NORMAL",
        "status" : "FAILED"
      } ]
    }, {
      "uid" : "7b5bcc99754e6e83",
      "failure" : {
        "message" : "AssertionError: expected [Password should have at least 8 characters] but found []",
        "stackTrace" : "java.lang.AssertionError: expected [Password should have at least 8 characters] but found []\n\tat org.testng.Assert.fail(Assert.java:94)\n\tat org.testng.Assert.failNotEquals(Assert.java:513)\n\tat org.testng.Assert.assertEqualsImpl(Assert.java:135)\n\tat org.testng.Assert.assertEquals(Assert.java:116)\n\tat org.testng.Assert.assertEquals(Assert.java:190)\n\tat org.testng.Assert.assertEquals(Assert.java:200)\n\tat org.etna.customer.pageobjects.AddNewPurchasingAgentPageObjects.verifyErrorMsg(AddNewPurchasingAgentPageObjects.java:328)\n\tat org.etna.testdefinitions.APAModuleTest.TC_PA_008_To_TC_PA_022_errorScenarios(APAModuleTest.java:126)\n\tat org.etna.testdeclarations.TestDeclarations.TC_PA_008_To_TC_PA_022_errorScenarios(TestDeclarations.java:73)\n\tat sun.reflect.NativeMethodAccessorImpl.invoke0(Native Method)\n\tat sun.reflect.NativeMethodAccessorImpl.invoke(NativeMethodAccessorImpl.java:62)\n\tat sun.reflect.DelegatingMethodAccessorImpl.invoke(DelegatingMethodAccessorImpl.java:43)\n\tat java.lang.reflect.Method.invoke(Method.java:497)\n\tat org.testng.internal.MethodInvocationHelper.invokeMethod(MethodInvocationHelper.java:86)\n\tat org.testng.internal.MethodInvocationHelper$1.runTestMethod(MethodInvocationHelper.java:197)\n\tat org.etna.maincontroller.MainController.run(MainController.java:369)\n\tat org.testng.internal.MethodInvocationHelper.invokeHookable(MethodInvocationHelper.java:209)\n\tat org.testng.internal.Invoker.invokeMethod(Invoker.java:639)\n\tat org.testng.internal.Invoker.invokeTestMethod(Invoker.java:820)\n\tat org.testng.internal.Invoker.invokeTestMethods(Invoker.java:1128)\n\tat org.testng.internal.TestMethodWorker.invokeTestMethods(TestMethodWorker.java:129)\n\tat org.testng.internal.TestMethodWorker.run(TestMethodWorker.java:112)\n\tat org.testng.TestRunner.privateRun(TestRunner.java:782)\n\tat org.testng.TestRunner.run(TestRunner.java:632)\n\tat org.testng.SuiteRunner.runTest(SuiteRunner.java:366)\n\tat org.testng.SuiteRunner.runSequentially(SuiteRunner.java:361)\n\tat org.testng.SuiteRunner.privateRun(SuiteRunner.java:319)\n\tat org.testng.SuiteRunner.run(SuiteRunner.java:268)\n\tat org.testng.SuiteRunnerWorker.runSuite(SuiteRunnerWorker.java:52)\n\tat org.testng.SuiteRunnerWorker.run(SuiteRunnerWorker.java:86)\n\tat org.testng.TestNG.runSuitesSequentially(TestNG.java:1244)\n\tat org.testng.TestNG.runSuitesLocally(TestNG.java:1169)\n\tat org.testng.TestNG.run(TestNG.java:1064)\n\tat org.apache.maven.surefire.testng.TestNGExecutor.run(TestNGExecutor.java:281)\n\tat org.apache.maven.surefire.testng.TestNGXmlTestSuite.execute(TestNGXmlTestSuite.java:75)\n\tat org.apache.maven.surefire.testng.TestNGProvider.invoke(TestNGProvider.java:121)\n\tat org.apache.maven.surefire.booter.ForkedBooter.invokeProviderInSameClassLoader(ForkedBooter.java:290)\n\tat org.apache.maven.surefire.booter.ForkedBooter.runSuitesInProcess(ForkedBooter.java:242)\n\tat org.apache.maven.surefire.booter.ForkedBooter.main(ForkedBooter.java:121)\n"
      },
      "testCases" : [ {
        "uid" : "4d80720e5d3a17ee",
        "name" : "TC_PA_008_To_TC_PA_022_errorScenarios[hemanthabc@gmail.com,hemanth,sridhar,tes,tes,address10,address11,Topeka,Kansas,66601,1234567890,Super User,,,Password should have at least 8 characters]",
        "title" : "TC PA 008 to TC PA 022 error scenarios [hemanthabc@gmail.com,hemanth,sridhar,tes,tes,address10,address11,Topeka,Kansas,66601,1234567890,Super User,,,Password should have at least 8 characters]",
        "time" : {
          "start" : 1462551232413,
          "stop" : 1462551246926,
          "duration" : 14513
        },
        "severity" : "NORMAL",
        "status" : "FAILED"
      } ]
    }, {
      "uid" : "75fdd3b95b4b7fc7",
      "failure" : {
        "message" : "AssertionError: expected [Please enter valid First Name.] but found []",
        "stackTrace" : "java.lang.AssertionError: expected [Please enter valid First Name.] but found []\n\tat org.testng.Assert.fail(Assert.java:94)\n\tat org.testng.Assert.failNotEquals(Assert.java:513)\n\tat org.testng.Assert.assertEqualsImpl(Assert.java:135)\n\tat org.testng.Assert.assertEquals(Assert.java:116)\n\tat org.testng.Assert.assertEquals(Assert.java:190)\n\tat org.testng.Assert.assertEquals(Assert.java:200)\n\tat org.etna.customer.pageobjects.AddNewPurchasingAgentPageObjects.verifyErrorMsg(AddNewPurchasingAgentPageObjects.java:328)\n\tat org.etna.testdefinitions.APAModuleTest.TC_PA_008_To_TC_PA_022_errorScenarios(APAModuleTest.java:126)\n\tat org.etna.testdeclarations.TestDeclarations.TC_PA_008_To_TC_PA_022_errorScenarios(TestDeclarations.java:73)\n\tat sun.reflect.NativeMethodAccessorImpl.invoke0(Native Method)\n\tat sun.reflect.NativeMethodAccessorImpl.invoke(NativeMethodAccessorImpl.java:62)\n\tat sun.reflect.DelegatingMethodAccessorImpl.invoke(DelegatingMethodAccessorImpl.java:43)\n\tat java.lang.reflect.Method.invoke(Method.java:497)\n\tat org.testng.internal.MethodInvocationHelper.invokeMethod(MethodInvocationHelper.java:86)\n\tat org.testng.internal.MethodInvocationHelper$1.runTestMethod(MethodInvocationHelper.java:197)\n\tat org.etna.maincontroller.MainController.run(MainController.java:369)\n\tat org.testng.internal.MethodInvocationHelper.invokeHookable(MethodInvocationHelper.java:209)\n\tat org.testng.internal.Invoker.invokeMethod(Invoker.java:639)\n\tat org.testng.internal.Invoker.invokeTestMethod(Invoker.java:820)\n\tat org.testng.internal.Invoker.invokeTestMethods(Invoker.java:1128)\n\tat org.testng.internal.TestMethodWorker.invokeTestMethods(TestMethodWorker.java:129)\n\tat org.testng.internal.TestMethodWorker.run(TestMethodWorker.java:112)\n\tat org.testng.TestRunner.privateRun(TestRunner.java:782)\n\tat org.testng.TestRunner.run(TestRunner.java:632)\n\tat org.testng.SuiteRunner.runTest(SuiteRunner.java:366)\n\tat org.testng.SuiteRunner.runSequentially(SuiteRunner.java:361)\n\tat org.testng.SuiteRunner.privateRun(SuiteRunner.java:319)\n\tat org.testng.SuiteRunner.run(SuiteRunner.java:268)\n\tat org.testng.SuiteRunnerWorker.runSuite(SuiteRunnerWorker.java:52)\n\tat org.testng.SuiteRunnerWorker.run(SuiteRunnerWorker.java:86)\n\tat org.testng.TestNG.runSuitesSequentially(TestNG.java:1244)\n\tat org.testng.TestNG.runSuitesLocally(TestNG.java:1169)\n\tat org.testng.TestNG.run(TestNG.java:1064)\n\tat org.apache.maven.surefire.testng.TestNGExecutor.run(TestNGExecutor.java:281)\n\tat org.apache.maven.surefire.testng.TestNGXmlTestSuite.execute(TestNGXmlTestSuite.java:75)\n\tat org.apache.maven.surefire.testng.TestNGProvider.invoke(TestNGProvider.java:121)\n\tat org.apache.maven.surefire.booter.ForkedBooter.invokeProviderInSameClassLoader(ForkedBooter.java:290)\n\tat org.apache.maven.surefire.booter.ForkedBooter.runSuitesInProcess(ForkedBooter.java:242)\n\tat org.apache.maven.surefire.booter.ForkedBooter.main(ForkedBooter.java:121)\n"
      },
      "testCases" : [ {
        "uid" : "701bd56c67f31b64",
        "name" : "TC_PA_008_To_TC_PA_022_errorScenarios[hemanthabc@gmail.com,##!@@##,sridhar,test12345,test12345,address10,address11,Topeka,Kansas,66601,1234567890,Super User,,,Please enter valid First Name.]",
        "title" : "TC PA 008 to TC PA 022 error scenarios [hemanthabc@gmail.com,##!@@##,sridhar,test12345,test12345,address10,address11,Topeka,Kansas,66601,1234567890,Super User,,,Please enter valid First Name.]",
        "time" : {
          "start" : 1462551249364,
          "stop" : 1462551264831,
          "duration" : 15467
        },
        "severity" : "NORMAL",
        "status" : "FAILED"
      } ]
    }, {
      "uid" : "be5a90e861651a01",
      "failure" : {
        "message" : "AssertionError: expected [Please enter valid Last Name.] but found []",
        "stackTrace" : "java.lang.AssertionError: expected [Please enter valid Last Name.] but found []\n\tat org.testng.Assert.fail(Assert.java:94)\n\tat org.testng.Assert.failNotEquals(Assert.java:513)\n\tat org.testng.Assert.assertEqualsImpl(Assert.java:135)\n\tat org.testng.Assert.assertEquals(Assert.java:116)\n\tat org.testng.Assert.assertEquals(Assert.java:190)\n\tat org.testng.Assert.assertEquals(Assert.java:200)\n\tat org.etna.customer.pageobjects.AddNewPurchasingAgentPageObjects.verifyErrorMsg(AddNewPurchasingAgentPageObjects.java:328)\n\tat org.etna.testdefinitions.APAModuleTest.TC_PA_008_To_TC_PA_022_errorScenarios(APAModuleTest.java:126)\n\tat org.etna.testdeclarations.TestDeclarations.TC_PA_008_To_TC_PA_022_errorScenarios(TestDeclarations.java:73)\n\tat sun.reflect.GeneratedMethodAccessor16.invoke(Unknown Source)\n\tat sun.reflect.DelegatingMethodAccessorImpl.invoke(DelegatingMethodAccessorImpl.java:43)\n\tat java.lang.reflect.Method.invoke(Method.java:497)\n\tat org.testng.internal.MethodInvocationHelper.invokeMethod(MethodInvocationHelper.java:86)\n\tat org.testng.internal.MethodInvocationHelper$1.runTestMethod(MethodInvocationHelper.java:197)\n\tat org.etna.maincontroller.MainController.run(MainController.java:369)\n\tat org.testng.internal.MethodInvocationHelper.invokeHookable(MethodInvocationHelper.java:209)\n\tat org.testng.internal.Invoker.invokeMethod(Invoker.java:639)\n\tat org.testng.internal.Invoker.invokeTestMethod(Invoker.java:820)\n\tat org.testng.internal.Invoker.invokeTestMethods(Invoker.java:1128)\n\tat org.testng.internal.TestMethodWorker.invokeTestMethods(TestMethodWorker.java:129)\n\tat org.testng.internal.TestMethodWorker.run(TestMethodWorker.java:112)\n\tat org.testng.TestRunner.privateRun(TestRunner.java:782)\n\tat org.testng.TestRunner.run(TestRunner.java:632)\n\tat org.testng.SuiteRunner.runTest(SuiteRunner.java:366)\n\tat org.testng.SuiteRunner.runSequentially(SuiteRunner.java:361)\n\tat org.testng.SuiteRunner.privateRun(SuiteRunner.java:319)\n\tat org.testng.SuiteRunner.run(SuiteRunner.java:268)\n\tat org.testng.SuiteRunnerWorker.runSuite(SuiteRunnerWorker.java:52)\n\tat org.testng.SuiteRunnerWorker.run(SuiteRunnerWorker.java:86)\n\tat org.testng.TestNG.runSuitesSequentially(TestNG.java:1244)\n\tat org.testng.TestNG.runSuitesLocally(TestNG.java:1169)\n\tat org.testng.TestNG.run(TestNG.java:1064)\n\tat org.apache.maven.surefire.testng.TestNGExecutor.run(TestNGExecutor.java:281)\n\tat org.apache.maven.surefire.testng.TestNGXmlTestSuite.execute(TestNGXmlTestSuite.java:75)\n\tat org.apache.maven.surefire.testng.TestNGProvider.invoke(TestNGProvider.java:121)\n\tat org.apache.maven.surefire.booter.ForkedBooter.invokeProviderInSameClassLoader(ForkedBooter.java:290)\n\tat org.apache.maven.surefire.booter.ForkedBooter.runSuitesInProcess(ForkedBooter.java:242)\n\tat org.apache.maven.surefire.booter.ForkedBooter.main(ForkedBooter.java:121)\n"
      },
      "testCases" : [ {
        "uid" : "dfb12210bf833201",
        "name" : "TC_PA_008_To_TC_PA_022_errorScenarios[hemanthabc@gmail.com,hemanth,##!@@##,test12345,test12345,address10,address11,Topeka,Kansas,66601,1234567890,Super User,,,Please enter valid Last Name.]",
        "title" : "TC PA 008 to TC PA 022 error scenarios [hemanthabc@gmail.com,hemanth,##!@@##,test12345,test12345,address10,address11,Topeka,Kansas,66601,1234567890,Super User,,,Please enter valid Last Name.]",
        "time" : {
          "start" : 1462551267039,
          "stop" : 1462551282904,
          "duration" : 15865
        },
        "severity" : "NORMAL",
        "status" : "FAILED"
      } ]
    } ]
  }, {
    "title" : "Test defects",
    "status" : "BROKEN",
    "defects" : [ ]
  } ]
}