{
  "uid" : "eb2f8afe22966d77",
  "name" : "TC_Brand_004_TC_Brand_007_TC_Brand_008_TC_Brand_009_signedUser_clickingBrandsLinkShouldNavigateToShopByBrandsPage",
  "title" : "TC brand 004 TC brand 007 TC brand 008 TC brand 009 signed user clicking brands link should navigate to shop by brands page",
  "time" : {
    "start" : 1462550220324,
    "stop" : 1462550226297,
    "duration" : 5973
  },
  "summary" : {
    "attachments" : 0,
    "steps" : 0
  },
  "failure" : null,
  "description" : null,
  "severity" : "NORMAL",
  "status" : "PASSED",
  "testId" : null,
  "suite" : {
    "uid" : "4b069ed0c182ef1c",
    "name" : "EtnaTestAutomationSuite : AutomationTesting",
    "title" : "EtnaTestAutomationSuite : AutomationTesting"
  },
  "steps" : [ ],
  "attachments" : [ ],
  "issues" : [ ],
  "labels" : [ {
    "name" : "host",
    "value" : "BlaBlaBla"
  }, {
    "name" : "thread",
    "value" : "8656@BlaBlaBla.main(1)"
  }, {
    "name" : "suite-name",
    "value" : "EtnaTestAutomationSuite : AutomationTesting"
  }, {
    "name" : "suite-title",
    "value" : "EtnaTestAutomationSuite : AutomationTesting"
  }, {
    "name" : "framework",
    "value" : "TestNG"
  }, {
    "name" : "language",
    "value" : "JAVA"
  } ],
  "parameters" : [ ]
}