{
  "uid" : "fd9f6f602679d55c",
  "name" : "TC_categories_003_navigateProductListPage",
  "title" : "TC categories 003 navigate product list page",
  "time" : {
    "start" : 1462551639290,
    "stop" : 1462551651199,
    "duration" : 11909
  },
  "summary" : {
    "attachments" : 0,
    "steps" : 0
  },
  "failure" : null,
  "description" : {
    "value" : "Verification of last level category link for Product List Page.",
    "type" : "TEXT"
  },
  "severity" : "NORMAL",
  "status" : "PASSED",
  "testId" : null,
  "suite" : {
    "uid" : "4b069ed0c182ef1c",
    "name" : "EtnaTestAutomationSuite : AutomationTesting",
    "title" : "EtnaTestAutomationSuite : AutomationTesting"
  },
  "steps" : [ ],
  "attachments" : [ ],
  "issues" : [ ],
  "labels" : [ {
    "name" : "host",
    "value" : "BlaBlaBla"
  }, {
    "name" : "thread",
    "value" : "8656@BlaBlaBla.main(1)"
  }, {
    "name" : "suite-name",
    "value" : "EtnaTestAutomationSuite : AutomationTesting"
  }, {
    "name" : "suite-title",
    "value" : "EtnaTestAutomationSuite : AutomationTesting"
  }, {
    "name" : "framework",
    "value" : "TestNG"
  }, {
    "name" : "language",
    "value" : "JAVA"
  } ],
  "parameters" : [ ]
}