{
  "uid" : "fe1032d09f07ab3f",
  "name" : "TC_Manufacturers_002_TC_Manufacturers_010_unsignedUser_hoverOverManufacturersLinkInTopNavigationMenu_clickOnOneOfTheBrandLinksAndVerifyAssertThePage",
  "title" : "TC manufacturers 002 TC manufacturers 010 unsigned user hover over manufacturers link in top navigation menu click on one of the brand links and verify assert the page",
  "time" : {
    "start" : 1462550659195,
    "stop" : 1462550663747,
    "duration" : 4552
  },
  "summary" : {
    "attachments" : 0,
    "steps" : 0
  },
  "failure" : null,
  "description" : null,
  "severity" : "NORMAL",
  "status" : "PASSED",
  "testId" : null,
  "suite" : {
    "uid" : "4b069ed0c182ef1c",
    "name" : "EtnaTestAutomationSuite : AutomationTesting",
    "title" : "EtnaTestAutomationSuite : AutomationTesting"
  },
  "steps" : [ ],
  "attachments" : [ ],
  "issues" : [ ],
  "labels" : [ {
    "name" : "host",
    "value" : "BlaBlaBla"
  }, {
    "name" : "thread",
    "value" : "8656@BlaBlaBla.main(1)"
  }, {
    "name" : "suite-name",
    "value" : "EtnaTestAutomationSuite : AutomationTesting"
  }, {
    "name" : "suite-title",
    "value" : "EtnaTestAutomationSuite : AutomationTesting"
  }, {
    "name" : "framework",
    "value" : "TestNG"
  }, {
    "name" : "language",
    "value" : "JAVA"
  } ],
  "parameters" : [ ]
}