{
  "hosts" : [ {
    "title" : "BlaBlaBla",
    "threads" : [ {
      "title" : "8656@BlaBlaBla.main(1)",
      "testCases" : [ {
        "uid" : "5a4c6ece398785e7",
        "name" : "TC_ShoppingCart_004_signedUser_ShoppingCartQuanitityUpdateWithZero",
        "title" : "TC shopping cart 004 signed user shopping cart quanitity update with zero",
        "time" : {
          "start" : 1462550112009,
          "stop" : 1462550112019,
          "duration" : 10
        },
        "severity" : "NORMAL",
        "status" : "PENDING"
      }, {
        "uid" : "863c382543e9d725",
        "name" : "TC_PDP_009_TC_PDP_010_ShareFunctionalityTest",
        "title" : "TC PDP 009 TC PDP 010 share functionality test",
        "time" : {
          "start" : 1462550112019,
          "stop" : 1462550112019,
          "duration" : 0
        },
        "severity" : "NORMAL",
        "status" : "PENDING"
      }, {
        "uid" : "c48f7711ced0dd50",
        "name" : "TC_APA_004_generalUserLoginCheckoutButtonNotDisplayedInCart",
        "title" : "TC APA 004 general user login checkout button not displayed in cart",
        "time" : {
          "start" : 1462550112019,
          "stop" : 1462550112019,
          "duration" : 0
        },
        "severity" : "NORMAL",
        "status" : "PENDING"
      }, {
        "uid" : "af4d210a79b390e2",
        "name" : "TC_PDP_008_PrintFunctionalityTest",
        "title" : "TC PDP 008 print functionality test",
        "time" : {
          "start" : 1462550112020,
          "stop" : 1462550112020,
          "duration" : 0
        },
        "severity" : "NORMAL",
        "status" : "PENDING"
      }, {
        "uid" : "91cc348a39309f6e",
        "name" : "tc008_verifyHomePage",
        "title" : "Tc 008 verify home page",
        "time" : {
          "start" : 1462550112020,
          "stop" : 1462550112020,
          "duration" : 0
        },
        "severity" : "NORMAL",
        "status" : "PENDING"
      }, {
        "uid" : "50b71d91478797db",
        "name" : "TC_ShoppingCart_012_saveCart_ClickOnCofirmationPopup",
        "title" : "TC shopping cart 012 save cart click on cofirmation popup",
        "time" : {
          "start" : 1462550112020,
          "stop" : 1462550112020,
          "duration" : 0
        },
        "severity" : "NORMAL",
        "status" : "PENDING"
      }, {
        "uid" : "291e49482baa8bbe",
        "name" : "TC_APA_003_addNewPurchasingAgent_GeneralUser",
        "title" : "TC APA 003 add new purchasing agent general user",
        "time" : {
          "start" : 1462550112020,
          "stop" : 1462550112020,
          "duration" : 0
        },
        "severity" : "NORMAL",
        "status" : "PENDING"
      }, {
        "uid" : "701bf5ea3e30f5d1",
        "name" : "TC_Login_019_verifyRegisterPage",
        "title" : "TC login 019 verify register page",
        "time" : {
          "start" : 1462550112021,
          "stop" : 1462550112021,
          "duration" : 0
        },
        "severity" : "NORMAL",
        "status" : "PENDING"
      }, {
        "uid" : "e19a97b3b580f1d4",
        "name" : "TC_ShoppingCart_011_CreateAndDeleteSaveCart",
        "title" : "TC shopping cart 011 create and delete save cart",
        "time" : {
          "start" : 1462550112021,
          "stop" : 1462550112021,
          "duration" : 0
        },
        "severity" : "NORMAL",
        "status" : "PENDING"
      }, {
        "uid" : "d1691d4b95c3e012",
        "name" : "TS_Login_001_TC_Login_008_Verify_Tab_focus",
        "title" : "TS login 001 TC login 008 verify tab focus",
        "time" : {
          "start" : 1462550112022,
          "stop" : 1462550112022,
          "duration" : 0
        },
        "severity" : "NORMAL",
        "status" : "PENDING"
      }, {
        "uid" : "cf825cd4d9d2409d",
        "name" : "TC_ShoppingCart_018_sortByDropdownListValues",
        "title" : "TC shopping cart 018 sort by dropdown list values",
        "time" : {
          "start" : 1462550112022,
          "stop" : 1462550112022,
          "duration" : 0
        },
        "severity" : "NORMAL",
        "status" : "PENDING"
      }, {
        "uid" : "12282d14482f6497",
        "name" : "TC_Login_021_loginVerifyOrderTopToBottom",
        "title" : "TC login 021 login verify order top to bottom",
        "time" : {
          "start" : 1462550112022,
          "stop" : 1462550112022,
          "duration" : 0
        },
        "severity" : "NORMAL",
        "status" : "PENDING"
      }, {
        "uid" : "4b3c6c7003fb48e2",
        "name" : "TC_APA_005_addNewPurchasingAgent_APA",
        "title" : "TC APA 005 add new purchasing agent APA",
        "time" : {
          "start" : 1462550112023,
          "stop" : 1462550112023,
          "duration" : 0
        },
        "severity" : "NORMAL",
        "status" : "PENDING"
      }, {
        "uid" : "5a7506a26d6fdc79",
        "name" : "TC_APA_007",
        "title" : "TC APA 007",
        "time" : {
          "start" : 1462550112023,
          "stop" : 1462550112023,
          "duration" : 0
        },
        "severity" : "NORMAL",
        "status" : "PENDING"
      }, {
        "uid" : "911f05b7365e8a3f",
        "name" : "TC_PDP_013_signedUser_tryingToCreateCPNInProductDetailsPage_ErrorScenariosTest",
        "title" : "TC PDP 013 signed user trying to create CPN in product details page error scenarios test",
        "time" : {
          "start" : 1462550112023,
          "stop" : 1462550112023,
          "duration" : 0
        },
        "severity" : "NORMAL",
        "status" : "PENDING"
      }, {
        "uid" : "c578979e20b3156a",
        "name" : "TC_APA_006",
        "title" : "TC APA 006",
        "time" : {
          "start" : 1462550112024,
          "stop" : 1462550112024,
          "duration" : 0
        },
        "severity" : "NORMAL",
        "status" : "PENDING"
      }, {
        "uid" : "99158272ccc62d39",
        "name" : "TC_APA_001_verifyDisplayOfManageAddDisablePAafterSuperUserLogin",
        "title" : "TC APA 001 verify display of manage add disable P aafter super user login",
        "time" : {
          "start" : 1462550129294,
          "stop" : 1462550159830,
          "duration" : 30536
        },
        "severity" : "NORMAL",
        "status" : "PASSED"
      }, {
        "uid" : "6c0d4240d3c38eb7",
        "name" : "TC_APA_002_TC_APA_050_verifyAddNewPA_afterSuperUserLogin_VerifyBreadcrumpOfAddNewPurchasingAgent",
        "title" : "TC APA 002 TC APA 050 verify add new PA after super user login verify breadcrump of add new purchasing agent",
        "time" : {
          "start" : 1462550161894,
          "stop" : 1462550175724,
          "duration" : 13830
        },
        "severity" : "NORMAL",
        "status" : "PASSED"
      }, {
        "uid" : "58d9ca67818b5c75",
        "name" : "TC_Brand_001_signedUser_hoverOverBrandsLinkInTopNavigationMenu",
        "title" : "TC brand 001 signed user hover over brands link in top navigation menu",
        "time" : {
          "start" : 1462550177759,
          "stop" : 1462550183386,
          "duration" : 5627
        },
        "severity" : "NORMAL",
        "status" : "PASSED"
      }, {
        "uid" : "26966318b3c04dbc",
        "name" : "TC_Brand_001_unsignedUser_hoverOverBrandsLinkInTopNavigationMenu",
        "title" : "TC brand 001 unsigned user hover over brands link in top navigation menu",
        "time" : {
          "start" : 1462550185196,
          "stop" : 1462550186571,
          "duration" : 1375
        },
        "severity" : "NORMAL",
        "status" : "PASSED"
      }, {
        "uid" : "8563fca16ca6f644",
        "name" : "TC_Brand_002_TC_Brand_010_signedUser_hoverOverBrandsLinkInTopNavigationMenu_clickOnOneOfTheBrandLinksAndVerifyAssertThePageForTheParticularBrand",
        "title" : "TC brand 002 TC brand 010 signed user hover over brands link in top navigation menu click on one of the brand links and verify assert the page for the particular brand",
        "time" : {
          "start" : 1462550188130,
          "stop" : 1462550201181,
          "duration" : 13051
        },
        "severity" : "NORMAL",
        "status" : "PASSED"
      }, {
        "uid" : "78ca972d174040e5",
        "name" : "TC_Brand_002_TC_Brand_010_unsignedUser_clickOnOneOfTheBrandLinksAndVerifyAssertThePageForTheParticularBrand",
        "title" : "TC brand 002 TC brand 010 unsigned user click on one of the brand links and verify assert the page for the particular brand",
        "time" : {
          "start" : 1462550203122,
          "stop" : 1462550207108,
          "duration" : 3986
        },
        "severity" : "NORMAL",
        "status" : "PASSED"
      }, {
        "uid" : "3611a08517099486",
        "name" : "TC_Brand_003_signedUser_clickingViewAllBrandsLinkShouldNavigateToShopByBrandsPage",
        "title" : "TC brand 003 signed user clicking view all brands link should navigate to shop by brands page",
        "time" : {
          "start" : 1462550209174,
          "stop" : 1462550214906,
          "duration" : 5732
        },
        "severity" : "NORMAL",
        "status" : "PASSED"
      }, {
        "uid" : "1a3481c0f401829b",
        "name" : "TC_Brand_003_unsignedUser_clickingViewAllBrandsLinkShouldNavigateToShopByBrandsPage",
        "title" : "TC brand 003 unsigned user clicking view all brands link should navigate to shop by brands page",
        "time" : {
          "start" : 1462550216818,
          "stop" : 1462550218230,
          "duration" : 1412
        },
        "severity" : "NORMAL",
        "status" : "PASSED"
      }, {
        "uid" : "eb2f8afe22966d77",
        "name" : "TC_Brand_004_TC_Brand_007_TC_Brand_008_TC_Brand_009_signedUser_clickingBrandsLinkShouldNavigateToShopByBrandsPage",
        "title" : "TC brand 004 TC brand 007 TC brand 008 TC brand 009 signed user clicking brands link should navigate to shop by brands page",
        "time" : {
          "start" : 1462550220324,
          "stop" : 1462550226297,
          "duration" : 5973
        },
        "severity" : "NORMAL",
        "status" : "PASSED"
      }, {
        "uid" : "1e83be3dab8cc5f6",
        "name" : "TC_Brand_004_TC_Brand_007_TC_Brand_008_TC_Brand_009_unsignedUser_clickingBrandsLinkShouldNavigateToShopByBrandsPage",
        "title" : "TC brand 004 TC brand 007 TC brand 008 TC brand 009 unsigned user clicking brands link should navigate to shop by brands page",
        "time" : {
          "start" : 1462550228344,
          "stop" : 1462550229613,
          "duration" : 1269
        },
        "severity" : "NORMAL",
        "status" : "PASSED"
      }, {
        "uid" : "1b0220b3c3630a64",
        "name" : "TC_Brand_005_signedUser_verificationOfBrandsFirstLetterLink",
        "title" : "TC brand 005 signed user verification of brands first letter link",
        "time" : {
          "start" : 1462550231617,
          "stop" : 1462550337440,
          "duration" : 105823
        },
        "severity" : "NORMAL",
        "status" : "PASSED"
      }, {
        "uid" : "61b9878dada2ee86",
        "name" : "TC_Brand_005_unsignedUser_verificationOfBrandsFirstLetterLink",
        "title" : "TC brand 005 unsigned user verification of brands first letter link",
        "time" : {
          "start" : 1462550339695,
          "stop" : 1462550442167,
          "duration" : 102472
        },
        "severity" : "NORMAL",
        "status" : "PASSED"
      }, {
        "uid" : "31f81c117ec0a9c8",
        "name" : "TC_Brand_006_signedUser_verificationOfBrandAfterClickingOnAnyBrandNameDisplayedInList_MultipleProducts",
        "title" : "TC brand 006 signed user verification of brand after clicking on any brand name displayed in list multiple products",
        "time" : {
          "start" : 1462550444088,
          "stop" : 1462550456479,
          "duration" : 12391
        },
        "severity" : "NORMAL",
        "status" : "PASSED"
      }, {
        "uid" : "df27fab0d45a172b",
        "name" : "TC_Brand_006_signedUser_verificationOfBrandAfterClickingOnAnyBrandNameDisplayedInList_OnlyOneProduct",
        "title" : "TC brand 006 signed user verification of brand after clicking on any brand name displayed in list only one product",
        "time" : {
          "start" : 1462550458636,
          "stop" : 1462550470455,
          "duration" : 11819
        },
        "severity" : "NORMAL",
        "status" : "PASSED"
      }, {
        "uid" : "88996f7ca934bf1f",
        "name" : "TC_Brand_006_unsignedUser_verificationOfBrandAfterClickingOnAnyBrandNameDisplayedInList_MultipleProducts",
        "title" : "TC brand 006 unsigned user verification of brand after clicking on any brand name displayed in list multiple products",
        "time" : {
          "start" : 1462550472670,
          "stop" : 1462550485145,
          "duration" : 12475
        },
        "severity" : "NORMAL",
        "status" : "PASSED"
      }, {
        "uid" : "6f0676d1f024de30",
        "name" : "TC_Brand_006_unsignedUser_verificationOfBrandAfterClickingOnAnyBrandNameDisplayedInList_OnlyOneProduct",
        "title" : "TC brand 006 unsigned user verification of brand after clicking on any brand name displayed in list only one product",
        "time" : {
          "start" : 1462550487310,
          "stop" : 1462550499800,
          "duration" : 12490
        },
        "severity" : "NORMAL",
        "status" : "PASSED"
      }, {
        "uid" : "11193eff58c3d59c",
        "name" : "TC_Login_001_AsASuperUser_PurchaseAgent_GeneralUser[webuser@unilogcorp.com,123456789,Super User User]",
        "title" : "TC login 001 as A super user purchase agent general user [webuser@unilogcorp.com,123456789,Super User User]",
        "time" : {
          "start" : 1462550504916,
          "stop" : 1462550509153,
          "duration" : 4237
        },
        "severity" : "NORMAL",
        "status" : "PASSED"
      }, {
        "uid" : "323fd2eb138d4c5b",
        "name" : "TC_Login_001_AsASuperUser_PurchaseAgent_GeneralUser[newpurchaseagent@unilogcorp.com,123456789,Test Agent Test]",
        "title" : "TC login 001 as A super user purchase agent general user [newpurchaseagent@unilogcorp.com,123456789,Test Agent Test]",
        "time" : {
          "start" : 1462550511139,
          "stop" : 1462550515881,
          "duration" : 4742
        },
        "severity" : "NORMAL",
        "status" : "PASSED"
      }, {
        "uid" : "fac165f3da2ee6f8",
        "name" : "TC_Login_001_AsASuperUser_PurchaseAgent_GeneralUser[generaluser2@unilogcorp.com,123456789,General User Test User]",
        "title" : "TC login 001 as A super user purchase agent general user [generaluser2@unilogcorp.com,123456789,General User Test User]",
        "time" : {
          "start" : 1462550518133,
          "stop" : 1462550524004,
          "duration" : 5871
        },
        "severity" : "NORMAL",
        "status" : "PASSED"
      }, {
        "uid" : "3fa1e36ff0ae88d6",
        "name" : "TC_Login_001_TC_Login_002_TC_Login_024_TC_Login_025_TC_Login_026_TC_Login_027",
        "title" : "TC login 001 TC login 002 TC login 024 TC login 025 TC login 026 TC login 027",
        "time" : {
          "start" : 1462550525921,
          "stop" : 1462550530364,
          "duration" : 4443
        },
        "severity" : "NORMAL",
        "status" : "PASSED"
      }, {
        "uid" : "c748bbf31c85dd96",
        "name" : "TC_Login_004_TC_Login_005_TC_Login_006_TC_Login_007_ErrorScenarios[hemanthsridhar92@gmail.com,zasdasdsa,Invalid User Name/Password.]",
        "title" : "TC login 004 TC login 005 TC login 006 TC login 007 error scenarios [hemanthsridhar92@gmail.com,zasdasdsa,Invalid User Name/Password.]",
        "time" : {
          "start" : 1462550532865,
          "stop" : 1462550534732,
          "duration" : 1867
        },
        "severity" : "NORMAL",
        "status" : "PASSED"
      }, {
        "uid" : "a6b8a14b50ff4b07",
        "name" : "TC_Login_004_TC_Login_005_TC_Login_006_TC_Login_007_ErrorScenarios[hemanthsridhar92@gmail.com,,Enter Password]",
        "title" : "TC login 004 TC login 005 TC login 006 TC login 007 error scenarios [hemanthsridhar92@gmail.com,,Enter Password]",
        "time" : {
          "start" : 1462550538880,
          "stop" : 1462550540141,
          "duration" : 1261
        },
        "severity" : "NORMAL",
        "status" : "PASSED"
      }, {
        "uid" : "2e88b72e20661496",
        "name" : "TC_Login_004_TC_Login_005_TC_Login_006_TC_Login_007_ErrorScenarios[,hemanth123,Enter User Name]",
        "title" : "TC login 004 TC login 005 TC login 006 TC login 007 error scenarios [,hemanth123,Enter User Name]",
        "time" : {
          "start" : 1462550541943,
          "stop" : 1462550543139,
          "duration" : 1196
        },
        "severity" : "NORMAL",
        "status" : "PASSED"
      }, {
        "uid" : "90ca8907df42c6e2",
        "name" : "TC_Login_004_TC_Login_005_TC_Login_006_TC_Login_007_ErrorScenarios[,,Enter User Name & Password]",
        "title" : "TC login 004 TC login 005 TC login 006 TC login 007 error scenarios [,,Enter User Name & Password]",
        "time" : {
          "start" : 1462550544968,
          "stop" : 1462550546052,
          "duration" : 1084
        },
        "severity" : "NORMAL",
        "status" : "PASSED"
      }, {
        "uid" : "664f9c7b72c44f15",
        "name" : "TC_Login_004_TC_Login_005_TC_Login_006_TC_Login_007_ErrorScenarios[!!@#@#$$%123…,asdsd,Invalid User Name/Password.]",
        "title" : "TC login 004 TC login 005 TC login 006 TC login 007 error scenarios [!!@#@#$$%123…,asdsd,Invalid User Name/Password.]",
        "time" : {
          "start" : 1462550547872,
          "stop" : 1462550549611,
          "duration" : 1739
        },
        "severity" : "NORMAL",
        "status" : "PASSED"
      }, {
        "uid" : "c3576179e2210b3e",
        "name" : "TC_Login_004_TC_Login_005_TC_Login_006_TC_Login_007_ErrorScenarios[       hemanthsridhar92@gmail.com        ,asdsd,Invalid User Name/Password.]",
        "title" : "TC login 004 TC login 005 TC login 006 TC login 007 error scenarios [       hemanthsridhar92@gmail.com        ,asdsd,Invalid User Name/Password.]",
        "time" : {
          "start" : 1462550551604,
          "stop" : 1462550553349,
          "duration" : 1745
        },
        "severity" : "NORMAL",
        "status" : "PASSED"
      }, {
        "uid" : "b8cbca437dc8648d",
        "name" : "TC_Login_009_010_RememberPassword_UserNameAndPasswordRefill",
        "title" : "TC login 009 010 remember password user name and password refill",
        "time" : {
          "start" : 1462550555264,
          "stop" : 1462550562292,
          "duration" : 7028
        },
        "severity" : "NORMAL",
        "status" : "PASSED"
      }, {
        "uid" : "155c7c043a7927c1",
        "name" : "TC_Login_011_AutofillLogin",
        "title" : "TC login 011 autofill login",
        "time" : {
          "start" : 1462550564864,
          "stop" : 1462550574321,
          "duration" : 9457
        },
        "severity" : "NORMAL",
        "status" : "PASSED"
      }, {
        "uid" : "65280ebf2a855b8e",
        "name" : "TC_Login_012_uncheckRememberMeWhenInAutoFillForm",
        "title" : "TC login 012 uncheck remember me when in auto fill form",
        "time" : {
          "start" : 1462550576700,
          "stop" : 1462550588605,
          "duration" : 11905
        },
        "severity" : "NORMAL",
        "status" : "PASSED"
      }, {
        "uid" : "8313152d0cbdb524",
        "name" : "TC_Login_013_myProductGroupLoginPopupRememberMeClickUncheck",
        "title" : "TC login 013 my product group login popup remember me click uncheck",
        "time" : {
          "start" : 1462550590781,
          "stop" : 1462550604480,
          "duration" : 13699
        },
        "severity" : "NORMAL",
        "status" : "PASSED"
      }, {
        "uid" : "7a9796d2c22e8b73",
        "name" : "TC_Login_014_myProductGroupLoginPopupRememberMeClickCheck",
        "title" : "TC login 014 my product group login popup remember me click check",
        "time" : {
          "start" : 1462550606538,
          "stop" : 1462550615759,
          "duration" : 9221
        },
        "severity" : "NORMAL",
        "status" : "PASSED"
      }, {
        "uid" : "2485d4895637cbfb",
        "name" : "TC_Login_015_rememberMeAsALink",
        "title" : "TC login 015 remember me as A link",
        "time" : {
          "start" : 1462550619805,
          "stop" : 1462550622080,
          "duration" : 2275
        },
        "severity" : "NORMAL",
        "status" : "PASSED"
      }, {
        "uid" : "6f4e559bc107e1c5",
        "name" : "TC_Login_016_TC_Login_017_TC_Login_018_rememberMeCheckboxTest",
        "title" : "TC login 016 TC login 017 TC login 018 remember me checkbox test",
        "time" : {
          "start" : 1462550624059,
          "stop" : 1462550630859,
          "duration" : 6800
        },
        "severity" : "NORMAL",
        "status" : "PASSED"
      }, {
        "uid" : "af31308049c87547",
        "name" : "TC_Login_020_verifyForgotPasswordPage",
        "title" : "TC login 020 verify forgot password page",
        "time" : {
          "start" : 1462550632757,
          "stop" : 1462550634362,
          "duration" : 1605
        },
        "severity" : "NORMAL",
        "status" : "PASSED"
      }, {
        "uid" : "5f68a02d9081928c",
        "name" : "TC_Manufacturers_001_signedUser_hoverOverManufacturersLinkInTopNavigationMenu",
        "title" : "TC manufacturers 001 signed user hover over manufacturers link in top navigation menu",
        "time" : {
          "start" : 1462550636340,
          "stop" : 1462550642078,
          "duration" : 5738
        },
        "severity" : "NORMAL",
        "status" : "PASSED"
      }, {
        "uid" : "3747f847dd55e2b2",
        "name" : "TC_Manufacturers_001_unsignedUser_hoverOverManufacturersLinkInTopNavigationMenu",
        "title" : "TC manufacturers 001 unsigned user hover over manufacturers link in top navigation menu",
        "time" : {
          "start" : 1462550644285,
          "stop" : 1462550645309,
          "duration" : 1024
        },
        "severity" : "NORMAL",
        "status" : "PASSED"
      }, {
        "uid" : "225b0c1726594770",
        "name" : "TC_Manufacturers_002_TC_Manufacturers_010_signedUser_hoverOverManufacturersLinkInTopNavigationMenu_clickOnOneOfTheBrandLinksAndVerifyAssertThePage",
        "title" : "TC manufacturers 002 TC manufacturers 010 signed user hover over manufacturers link in top navigation menu click on one of the brand links and verify assert the page",
        "time" : {
          "start" : 1462550647025,
          "stop" : 1462550656254,
          "duration" : 9229
        },
        "severity" : "NORMAL",
        "status" : "PASSED"
      }, {
        "uid" : "fe1032d09f07ab3f",
        "name" : "TC_Manufacturers_002_TC_Manufacturers_010_unsignedUser_hoverOverManufacturersLinkInTopNavigationMenu_clickOnOneOfTheBrandLinksAndVerifyAssertThePage",
        "title" : "TC manufacturers 002 TC manufacturers 010 unsigned user hover over manufacturers link in top navigation menu click on one of the brand links and verify assert the page",
        "time" : {
          "start" : 1462550659195,
          "stop" : 1462550663747,
          "duration" : 4552
        },
        "severity" : "NORMAL",
        "status" : "PASSED"
      }, {
        "uid" : "809e26ad5afd2267",
        "name" : "TC_Manufacturers_003_signedUser_clickingViewAllManufacturersLinkShouldNavigateToShopByBrandsPage",
        "title" : "TC manufacturers 003 signed user clicking view all manufacturers link should navigate to shop by brands page",
        "time" : {
          "start" : 1462550665946,
          "stop" : 1462550671891,
          "duration" : 5945
        },
        "severity" : "NORMAL",
        "status" : "PASSED"
      }, {
        "uid" : "9f12c2eb27041c87",
        "name" : "TC_Manufacturers_003_unsignedUser_clickingViewAllManufacturersLinkShouldNavigateToShopByBrandsPage",
        "title" : "TC manufacturers 003 unsigned user clicking view all manufacturers link should navigate to shop by brands page",
        "time" : {
          "start" : 1462550673816,
          "stop" : 1462550675402,
          "duration" : 1586
        },
        "severity" : "NORMAL",
        "status" : "PASSED"
      }, {
        "uid" : "46c4d59b1241e2ec",
        "name" : "TC_Manufacturers_004_TC_Manufacturers_007_TC_Manufacturers_008_TC_Manufacturers_009_signedUser_clickingManufacturersLinkShouldNavigateToShopByBrandsPage",
        "title" : "TC manufacturers 004 TC manufacturers 007 TC manufacturers 008 TC manufacturers 009 signed user clicking manufacturers link should navigate to shop by brands page",
        "time" : {
          "start" : 1462550677254,
          "stop" : 1462550683162,
          "duration" : 5908
        },
        "severity" : "NORMAL",
        "status" : "PASSED"
      }, {
        "uid" : "de79ee106827c579",
        "name" : "TC_Manufacturers_004_TC_Manufacturers_007_TC_Manufacturers_008_TC_Manufacturers_009_unsignedUser_clickingManufacturersLinkShouldNavigateToShopByBrandsPage",
        "title" : "TC manufacturers 004 TC manufacturers 007 TC manufacturers 008 TC manufacturers 009 unsigned user clicking manufacturers link should navigate to shop by brands page",
        "time" : {
          "start" : 1462550685211,
          "stop" : 1462550686565,
          "duration" : 1354
        },
        "severity" : "NORMAL",
        "status" : "PASSED"
      }, {
        "uid" : "6f82e09e185b52aa",
        "name" : "TC_Manufacturers_005_signedUser_verificationOfManufacturersFirstLetterLink",
        "title" : "TC manufacturers 005 signed user verification of manufacturers first letter link",
        "time" : {
          "start" : 1462550688645,
          "stop" : 1462550743226,
          "duration" : 54581
        },
        "severity" : "NORMAL",
        "status" : "PASSED"
      }, {
        "uid" : "300f51118a855595",
        "name" : "TC_Manufacturers_005_unsignedUser_verificationOfManufacturersFirstLetterLink",
        "title" : "TC manufacturers 005 unsigned user verification of manufacturers first letter link",
        "time" : {
          "start" : 1462550745920,
          "stop" : 1462550796467,
          "duration" : 50547
        },
        "severity" : "NORMAL",
        "status" : "PASSED"
      }, {
        "uid" : "369b5a7a968ef4a0",
        "name" : "TC_Manufacturers_006_signedUser_verificationOfManufacturersAfterClickingOnAnyManufacturersNameDisplayedInList_ThatHaveMultipleProducts",
        "title" : "TC manufacturers 006 signed user verification of manufacturers after clicking on any manufacturers name displayed in list that have multiple products",
        "time" : {
          "start" : 1462550798691,
          "stop" : 1462550811972,
          "duration" : 13281
        },
        "severity" : "NORMAL",
        "status" : "PASSED"
      }, {
        "uid" : "e27928d51416b1ca",
        "name" : "TC_Manufacturers_006_signedUser_verificationOfManufacturersAfterClickingOnAnyManufacturersNameDisplayedInList_onlyOneProduct",
        "title" : "TC manufacturers 006 signed user verification of manufacturers after clicking on any manufacturers name displayed in list only one product",
        "time" : {
          "start" : 1462550814395,
          "stop" : 1462550870313,
          "duration" : 55918
        },
        "severity" : "NORMAL",
        "status" : "PASSED"
      }, {
        "uid" : "229614a8829de2be",
        "name" : "TC_Manufacturers_006_unsignedUser_verificationOfManufacturersAfterClickingOnAnyManufacturersNameDisplayedInList_ThatHaveMultipleProducts",
        "title" : "TC manufacturers 006 unsigned user verification of manufacturers after clicking on any manufacturers name displayed in list that have multiple products",
        "time" : {
          "start" : 1462550873977,
          "stop" : 1462550882571,
          "duration" : 8594
        },
        "severity" : "NORMAL",
        "status" : "PASSED"
      }, {
        "uid" : "defd5a87d50df49d",
        "name" : "TC_Manufacturers_006_unsignedUser_verificationOfManufacturersAfterClickingOnAnyManufacturersNameDisplayedInList_onlyOneProduct",
        "title" : "TC manufacturers 006 unsigned user verification of manufacturers after clicking on any manufacturers name displayed in list only one product",
        "time" : {
          "start" : 1462550885122,
          "stop" : 1462550941575,
          "duration" : 56453
        },
        "severity" : "NORMAL",
        "status" : "PASSED"
      }, {
        "uid" : "a68867ef85a4ae26",
        "name" : "TC_MyCart_001",
        "title" : "TC my cart 001",
        "time" : {
          "start" : 1462550944746,
          "stop" : 1462550960651,
          "duration" : 15905
        },
        "severity" : "NORMAL",
        "status" : "PASSED"
      }, {
        "uid" : "1cc98c148184fd0f",
        "name" : "TC_PA_008_To_TC_PA_022_errorScenarios[,hemanth,sridhar,test12345,test12345,address1,address2,Topeka,Kansas,66601,1234567890,Super User,,,Please enter Email Address.]",
        "title" : "TC PA 008 to TC PA 022 error scenarios [,hemanth,sridhar,test12345,test12345,address1,address2,Topeka,Kansas,66601,1234567890,Super User,,,Please enter Email Address.]",
        "time" : {
          "start" : 1462550966526,
          "stop" : 1462550984023,
          "duration" : 17497
        },
        "severity" : "NORMAL",
        "status" : "FAILED"
      }, {
        "uid" : "94b9389afc32c1ca",
        "name" : "TC_PA_008_To_TC_PA_022_errorScenarios[hemanthabc@gmail.com,,sridhar,test12345,test12345,address2,address3,Topeka,Kansas,66601,1234567890,Super User,,,Please enter First Name.]",
        "title" : "TC PA 008 to TC PA 022 error scenarios [hemanthabc@gmail.com,,sridhar,test12345,test12345,address2,address3,Topeka,Kansas,66601,1234567890,Super User,,,Please enter First Name.]",
        "time" : {
          "start" : 1462550987020,
          "stop" : 1462551006446,
          "duration" : 19426
        },
        "severity" : "NORMAL",
        "status" : "FAILED"
      }, {
        "uid" : "d62de9d7c46a2962",
        "name" : "TC_PA_008_To_TC_PA_022_errorScenarios[hemanthabc@gmail.com,hemanth,,test12345,test12345,address3,address4,Topeka,Kansas,66601,1234567890,Super User,,,Please enter Last Name.]",
        "title" : "TC PA 008 to TC PA 022 error scenarios [hemanthabc@gmail.com,hemanth,,test12345,test12345,address3,address4,Topeka,Kansas,66601,1234567890,Super User,,,Please enter Last Name.]",
        "time" : {
          "start" : 1462551009695,
          "stop" : 1462551024705,
          "duration" : 15010
        },
        "severity" : "NORMAL",
        "status" : "FAILED"
      }, {
        "uid" : "19ca39bb721ae65",
        "name" : "TC_PA_008_To_TC_PA_022_errorScenarios[hemanthabc@gmail.com,hemanth,sridhar,,test12345,address4,address5,Topeka,Kansas,66601,1234567890,Super User,,,Please enter Password.]",
        "title" : "TC PA 008 to TC PA 022 error scenarios [hemanthabc@gmail.com,hemanth,sridhar,,test12345,address4,address5,Topeka,Kansas,66601,1234567890,Super User,,,Please enter Password.]",
        "time" : {
          "start" : 1462551027269,
          "stop" : 1462551045477,
          "duration" : 18208
        },
        "severity" : "NORMAL",
        "status" : "FAILED"
      }, {
        "uid" : "3d44e8d83bc3bfb4",
        "name" : "TC_PA_008_To_TC_PA_022_errorScenarios[hemanthabc@gmail.com,hemanth,sridhar,test12345,,address5,address6,Topeka,Kansas,66601,1234567890,Super User,,,Please enter Confirm Password.]",
        "title" : "TC PA 008 to TC PA 022 error scenarios [hemanthabc@gmail.com,hemanth,sridhar,test12345,,address5,address6,Topeka,Kansas,66601,1234567890,Super User,,,Please enter Confirm Password.]",
        "time" : {
          "start" : 1462551048040,
          "stop" : 1462551063827,
          "duration" : 15787
        },
        "severity" : "NORMAL",
        "status" : "FAILED"
      }, {
        "uid" : "1225073d9510a156",
        "name" : "TC_PA_008_To_TC_PA_022_errorScenarios[hemanthabc@gmail.com,hemanth,sridhar,test12345,test12345,,address7,Topeka,Kansas,66601,1234567890,Super User,,,Please enter Address 1]",
        "title" : "TC PA 008 to TC PA 022 error scenarios [hemanthabc@gmail.com,hemanth,sridhar,test12345,test12345,,address7,Topeka,Kansas,66601,1234567890,Super User,,,Please enter Address 1]",
        "time" : {
          "start" : 1462551066852,
          "stop" : 1462551082150,
          "duration" : 15298
        },
        "severity" : "NORMAL",
        "status" : "FAILED"
      }, {
        "uid" : "4996ce47ac1e81cc",
        "name" : "TC_PA_008_To_TC_PA_022_errorScenarios[hemanthabc@gmail.com,hemanth,sridhar,test12345,test12345,address7,address8,,Kansas,66601,1234567890,Super User,,,Please enter City.]",
        "title" : "TC PA 008 to TC PA 022 error scenarios [hemanthabc@gmail.com,hemanth,sridhar,test12345,test12345,address7,address8,,Kansas,66601,1234567890,Super User,,,Please enter City.]",
        "time" : {
          "start" : 1462551084469,
          "stop" : 1462551101524,
          "duration" : 17055
        },
        "severity" : "NORMAL",
        "status" : "FAILED"
      }, {
        "uid" : "ecf484d0e3a5ec5c",
        "name" : "TC_PA_008_To_TC_PA_022_errorScenarios[hemanthabc@gmail.com,hemanth,sridhar,test12345,test12345,address8,address9,Topeka,,66601,1234567890,Super User,,,Please select/enter State.]",
        "title" : "TC PA 008 to TC PA 022 error scenarios [hemanthabc@gmail.com,hemanth,sridhar,test12345,test12345,address8,address9,Topeka,,66601,1234567890,Super User,,,Please select/enter State.]",
        "time" : {
          "start" : 1462551105011,
          "stop" : 1462551121076,
          "duration" : 16065
        },
        "severity" : "NORMAL",
        "status" : "FAILED"
      }, {
        "uid" : "566de7a5712d9334",
        "name" : "TC_PA_008_To_TC_PA_022_errorScenarios[hemanthabc@gmail.com,hemanth,sridhar,test12345,test12345,address9,address10,Topeka,Kansas,,1234567890,Super User,,,Please enter Zipcode.]",
        "title" : "TC PA 008 to TC PA 022 error scenarios [hemanthabc@gmail.com,hemanth,sridhar,test12345,test12345,address9,address10,Topeka,Kansas,,1234567890,Super User,,,Please enter Zipcode.]",
        "time" : {
          "start" : 1462551123315,
          "stop" : 1462551138970,
          "duration" : 15655
        },
        "severity" : "NORMAL",
        "status" : "FAILED"
      }, {
        "uid" : "9857f857b3f08a02",
        "name" : "TC_PA_008_To_TC_PA_022_errorScenarios[hemanthabc@gmail.com,hemanth,sridhar,test12345,test12345,address10,address11,Topeka,Kansas,66601,,Super User,,,Please enter Phone Number.]",
        "title" : "TC PA 008 to TC PA 022 error scenarios [hemanthabc@gmail.com,hemanth,sridhar,test12345,test12345,address10,address11,Topeka,Kansas,66601,,Super User,,,Please enter Phone Number.]",
        "time" : {
          "start" : 1462551141524,
          "stop" : 1462551156484,
          "duration" : 14960
        },
        "severity" : "NORMAL",
        "status" : "FAILED"
      }, {
        "uid" : "9d9af3e005f6cea6",
        "name" : "TC_PA_008_To_TC_PA_022_errorScenarios[,,,,,,,,,,,,,,Please enter Email Address.Please enter First Name.Please enter Last Name.Please enter Password.Please enter Confirm Password.Please enter Address 1Please enter City.Please select/enter State.Please enter Zipcode.Please enter Phone Number.]",
        "title" : "TC PA 008 to TC PA 022 error scenarios [,,,,,,,,,,,,,,Please enter Email Address.Please enter First Name.Please enter Last Name.Please enter Password.Please enter Confirm Password.Please enter Address 1Please enter City.Please select/enter State.Please enter Zipcode.Please enter Phone Number.]",
        "time" : {
          "start" : 1462551159067,
          "stop" : 1462551175711,
          "duration" : 16644
        },
        "severity" : "NORMAL",
        "status" : "FAILED"
      }, {
        "uid" : "9506b16c1b0582f0",
        "name" : "TC_PA_008_To_TC_PA_022_errorScenarios[hemanthabc@gmail.com,hemanth,sridhar,test12345,test123456,address10,address11,Topeka,Kansas,66601,1234567890,Super User,,,Password does not match with Confirm Password.]",
        "title" : "TC PA 008 to TC PA 022 error scenarios [hemanthabc@gmail.com,hemanth,sridhar,test12345,test123456,address10,address11,Topeka,Kansas,66601,1234567890,Super User,,,Password does not match with Confirm Password.]",
        "time" : {
          "start" : 1462551177953,
          "stop" : 1462551192707,
          "duration" : 14754
        },
        "severity" : "NORMAL",
        "status" : "FAILED"
      }, {
        "uid" : "8d4e1252f47143ea",
        "name" : "TC_PA_008_To_TC_PA_022_errorScenarios[hemanth,hemanth,sridhar,test12345,test12345,address10,address11,Topeka,Kansas,66601,1234567890,Super User,,,Please enter valid email address.]",
        "title" : "TC PA 008 to TC PA 022 error scenarios [hemanth,hemanth,sridhar,test12345,test12345,address10,address11,Topeka,Kansas,66601,1234567890,Super User,,,Please enter valid email address.]",
        "time" : {
          "start" : 1462551195034,
          "stop" : 1462551212135,
          "duration" : 17101
        },
        "severity" : "NORMAL",
        "status" : "FAILED"
      }, {
        "uid" : "11ebc840ec4f82b",
        "name" : "TC_PA_008_To_TC_PA_022_errorScenarios[hemanthabc@gmail.com,hemanth,sridhar,test12345,test12345,address10,address11,Topeka,Kansas,66601,1234567890123,Super User,,,Please enter valid Phone Number (e.g. 123-456-7896,(954) 555-1234, 4561237896).\t]",
        "title" : "TC PA 008 to TC PA 022 error scenarios [hemanthabc@gmail.com,hemanth,sridhar,test12345,test12345,address10,address11,Topeka,Kansas,66601,1234567890123,Super User,,,Please enter valid Phone Number (e.g. 123-456-7896,(954) 555-1234, 4561237896).\t]",
        "time" : {
          "start" : 1462551214240,
          "stop" : 1462551230030,
          "duration" : 15790
        },
        "severity" : "NORMAL",
        "status" : "FAILED"
      }, {
        "uid" : "4d80720e5d3a17ee",
        "name" : "TC_PA_008_To_TC_PA_022_errorScenarios[hemanthabc@gmail.com,hemanth,sridhar,tes,tes,address10,address11,Topeka,Kansas,66601,1234567890,Super User,,,Password should have at least 8 characters]",
        "title" : "TC PA 008 to TC PA 022 error scenarios [hemanthabc@gmail.com,hemanth,sridhar,tes,tes,address10,address11,Topeka,Kansas,66601,1234567890,Super User,,,Password should have at least 8 characters]",
        "time" : {
          "start" : 1462551232413,
          "stop" : 1462551246926,
          "duration" : 14513
        },
        "severity" : "NORMAL",
        "status" : "FAILED"
      }, {
        "uid" : "701bd56c67f31b64",
        "name" : "TC_PA_008_To_TC_PA_022_errorScenarios[hemanthabc@gmail.com,##!@@##,sridhar,test12345,test12345,address10,address11,Topeka,Kansas,66601,1234567890,Super User,,,Please enter valid First Name.]",
        "title" : "TC PA 008 to TC PA 022 error scenarios [hemanthabc@gmail.com,##!@@##,sridhar,test12345,test12345,address10,address11,Topeka,Kansas,66601,1234567890,Super User,,,Please enter valid First Name.]",
        "time" : {
          "start" : 1462551249364,
          "stop" : 1462551264831,
          "duration" : 15467
        },
        "severity" : "NORMAL",
        "status" : "FAILED"
      }, {
        "uid" : "dfb12210bf833201",
        "name" : "TC_PA_008_To_TC_PA_022_errorScenarios[hemanthabc@gmail.com,hemanth,##!@@##,test12345,test12345,address10,address11,Topeka,Kansas,66601,1234567890,Super User,,,Please enter valid Last Name.]",
        "title" : "TC PA 008 to TC PA 022 error scenarios [hemanthabc@gmail.com,hemanth,##!@@##,test12345,test12345,address10,address11,Topeka,Kansas,66601,1234567890,Super User,,,Please enter valid Last Name.]",
        "time" : {
          "start" : 1462551267039,
          "stop" : 1462551282904,
          "duration" : 15865
        },
        "severity" : "NORMAL",
        "status" : "FAILED"
      }, {
        "uid" : "66263e1e97fce38b",
        "name" : "TC_PDP_001_TC_PDP_003_TC_PDP_013_TC_PDP_014_unsignedUser_verifyProductDetailsPageTest",
        "title" : "TC PDP 001 TC PDP 003 TC PDP 013 TC PDP 014 unsigned user verify product details page test",
        "time" : {
          "start" : 1462551285281,
          "stop" : 1462551288898,
          "duration" : 3617
        },
        "severity" : "NORMAL",
        "status" : "PASSED"
      }, {
        "uid" : "2fa722a446f69bb1",
        "name" : "TC_PDP_006_enlargeImageFunctionalityTest",
        "title" : "TC PDP 006 enlarge image functionality test",
        "time" : {
          "start" : 1462551291280,
          "stop" : 1462551313921,
          "duration" : 22641
        },
        "severity" : "NORMAL",
        "status" : "PASSED"
      }, {
        "uid" : "79ba678ffd135662",
        "name" : "TC_PDP_011_signedUser_createAndDeleteMyProductGroupInProductDetailsPage",
        "title" : "TC PDP 011 signed user create and delete my product group in product details page",
        "time" : {
          "start" : 1462551317160,
          "stop" : 1462551334022,
          "duration" : 16862
        },
        "severity" : "NORMAL",
        "status" : "PASSED"
      }, {
        "uid" : "22a037f7fa8ba8e7",
        "name" : "TC_PDP_012_signedUser_createAndDeleteCPNInProductDetailsPageTest",
        "title" : "TC PDP 012 signed user create and delete CPN in product details page test",
        "time" : {
          "start" : 1462551336475,
          "stop" : 1462551361383,
          "duration" : 24908
        },
        "severity" : "NORMAL",
        "status" : "PASSED"
      }, {
        "uid" : "6c94cc264859fb20",
        "name" : "TC_PD_002_TC_PD_004_signedUser_verifyProductDetailsPageTest",
        "title" : "TC PD 002 TC PD 004 signed user verify product details page test",
        "time" : {
          "start" : 1462551363793,
          "stop" : 1462551372125,
          "duration" : 8332
        },
        "severity" : "NORMAL",
        "status" : "PASSED"
      }, {
        "uid" : "c9c459e985c0047b",
        "name" : "TC_ShoppingCart_002_TC_ShoppingCart_019_TC_ShoppingCart_020_TC_ShoppingCart_021_signedUserAddingItemToCart",
        "title" : "TC shopping cart 002 TC shopping cart 019 TC shopping cart 020 TC shopping cart 021 signed user adding item to cart",
        "time" : {
          "start" : 1462551375219,
          "stop" : 1462551397253,
          "duration" : 22034
        },
        "severity" : "NORMAL",
        "status" : "PASSED"
      }, {
        "uid" : "96c52c81aff1f42",
        "name" : "TC_ShoppingCart_003_signedUser_ShoppingCartQuanitityUpdateCartButton",
        "title" : "TC shopping cart 003 signed user shopping cart quanitity update cart button",
        "time" : {
          "start" : 1462551400858,
          "stop" : 1462551423714,
          "duration" : 22856
        },
        "severity" : "NORMAL",
        "status" : "PASSED"
      }, {
        "uid" : "e65b1d73dac96356",
        "name" : "TC_ShoppingCart_005_signedUser_ShoppingCartDeleteToolTip",
        "title" : "TC shopping cart 005 signed user shopping cart delete tool tip",
        "time" : {
          "start" : 1462551427645,
          "stop" : 1462551444603,
          "duration" : 16958
        },
        "severity" : "NORMAL",
        "status" : "PASSED"
      }, {
        "uid" : "356f8eac17db52fe",
        "name" : "TC_ShoppingCart_006_signedUser_DeleteLinkForDeletingTheItem",
        "title" : "TC shopping cart 006 signed user delete link for deleting the item",
        "time" : {
          "start" : 1462551446883,
          "stop" : 1462551463083,
          "duration" : 16200
        },
        "severity" : "NORMAL",
        "status" : "PASSED"
      }, {
        "uid" : "e58c9905e05f3bb4",
        "name" : "TC_ShoppingCart_007_signedUser_CancellingOfDeletingTheItemThroughDeleteLink",
        "title" : "TC shopping cart 007 signed user cancelling of deleting the item through delete link",
        "time" : {
          "start" : 1462551465413,
          "stop" : 1462551480363,
          "duration" : 14950
        },
        "severity" : "NORMAL",
        "status" : "PASSED"
      }, {
        "uid" : "b65299f8f7e181da",
        "name" : "TC_ShoppingCart_008_signedUser_clickOnImageNavigateBackToPDP",
        "title" : "TC shopping cart 008 signed user click on image navigate back to PDP",
        "time" : {
          "start" : 1462551482461,
          "stop" : 1462551499415,
          "duration" : 16954
        },
        "severity" : "NORMAL",
        "status" : "PASSED"
      }, {
        "uid" : "de128d4ca45e2fc3",
        "name" : "TC_ShoppingCart_008_signedUser_clickOnProductName",
        "title" : "TC shopping cart 008 signed user click on product name",
        "time" : {
          "start" : 1462551501535,
          "stop" : 1462551516875,
          "duration" : 15340
        },
        "severity" : "NORMAL",
        "status" : "PASSED"
      }, {
        "uid" : "84adbe8bc75d38d6",
        "name" : "TC_ShoppingCart_010_signedUser_verifyContinueShoppingButton",
        "title" : "TC shopping cart 010 signed user verify continue shopping button",
        "time" : {
          "start" : 1462551519149,
          "stop" : 1462551533251,
          "duration" : 14102
        },
        "severity" : "NORMAL",
        "status" : "PASSED"
      }, {
        "uid" : "f14420a350edad69",
        "name" : "TC_ShoppingCart_014_signedUser_ShoppingCartUpdateToolTip",
        "title" : "TC shopping cart 014 signed user shopping cart update tool tip",
        "time" : {
          "start" : 1462551535495,
          "stop" : 1462551550906,
          "duration" : 15411
        },
        "severity" : "NORMAL",
        "status" : "PASSED"
      }, {
        "uid" : "c08e01f7f9352846",
        "name" : "TC_ShoppingCart_015_updateLinkFunctionality",
        "title" : "TC shopping cart 015 update link functionality",
        "time" : {
          "start" : 1462551553336,
          "stop" : 1462551575309,
          "duration" : 21973
        },
        "severity" : "NORMAL",
        "status" : "PASSED"
      }, {
        "uid" : "35fe6a9f57ebb82f",
        "name" : "TC_ShoppingCart_016_emptyCartFunctionality",
        "title" : "TC shopping cart 016 empty cart functionality",
        "time" : {
          "start" : 1462551577853,
          "stop" : 1462551596391,
          "duration" : 18538
        },
        "severity" : "NORMAL",
        "status" : "PASSED"
      }, {
        "uid" : "3eb4a1a3d0b51e23",
        "name" : "TC_categories_001_TC_categories_006_TC_categories_007_TC_categories_008",
        "title" : "TC categories 001 TC categories 006 TC categories 007 TC categories 008",
        "time" : {
          "start" : 1462551599209,
          "stop" : 1462551601112,
          "duration" : 1903
        },
        "severity" : "NORMAL",
        "status" : "PASSED"
      }, {
        "uid" : "a17c899b6ee2c133",
        "name" : "TC_categories_002",
        "title" : "TC categories 002",
        "time" : {
          "start" : 1462551603753,
          "stop" : 1462551612356,
          "duration" : 8603
        },
        "severity" : "NORMAL",
        "status" : "PASSED"
      }, {
        "uid" : "2997f6a6d48ff639",
        "name" : "TC_categories_003_navigateProductDetailsPage",
        "title" : "TC categories 003 navigate product details page",
        "time" : {
          "start" : 1462551616144,
          "stop" : 1462551636385,
          "duration" : 20241
        },
        "severity" : "NORMAL",
        "status" : "PASSED"
      }, {
        "uid" : "fd9f6f602679d55c",
        "name" : "TC_categories_003_navigateProductListPage",
        "title" : "TC categories 003 navigate product list page",
        "time" : {
          "start" : 1462551639290,
          "stop" : 1462551651199,
          "duration" : 11909
        },
        "severity" : "NORMAL",
        "status" : "PASSED"
      }, {
        "uid" : "9c9f6221e9842223",
        "name" : "TC_categories_004_verifyBanners",
        "title" : "TC categories 004 verify banners",
        "time" : {
          "start" : 1462551654188,
          "stop" : 1462551659226,
          "duration" : 5038
        },
        "severity" : "NORMAL",
        "status" : "PASSED"
      }, {
        "uid" : "9ac41b2f956cd6bb",
        "name" : "TC_categories_005_ClickingOnImages",
        "title" : "TC categories 005 clicking on images",
        "time" : {
          "start" : 1462551661473,
          "stop" : 1462551666365,
          "duration" : 4892
        },
        "severity" : "NORMAL",
        "status" : "PASSED"
      }, {
        "uid" : "beedba72c38d7b0a",
        "name" : "TS_ShoppingCart_001_TC_ShoppingCart_001_guestUserAddingItemToCart",
        "title" : "TS shopping cart 001 TC shopping cart 001 guest user adding item to cart",
        "time" : {
          "start" : 1462551668709,
          "stop" : 1462551683808,
          "duration" : 15099
        },
        "severity" : "NORMAL",
        "status" : "PASSED"
      }, {
        "uid" : "72f89d21f9e746dd",
        "name" : "tc004_generalSearch",
        "title" : "Tc 004 general search",
        "time" : {
          "start" : 1462551686047,
          "stop" : 1462551688442,
          "duration" : 2395
        },
        "severity" : "NORMAL",
        "status" : "PASSED"
      }, {
        "uid" : "ab9a6f3c0c0ea217",
        "name" : "tc005_ListViewGridView",
        "title" : "Tc 005 list view grid view",
        "time" : {
          "start" : 1462551690896,
          "stop" : 1462551694212,
          "duration" : 3316
        },
        "severity" : "NORMAL",
        "status" : "PASSED"
      }, {
        "uid" : "2c731d2beb36e2d5",
        "name" : "tc006_verifyProductListPage",
        "title" : "Tc 006 verify product list page",
        "time" : {
          "start" : 1462551697103,
          "stop" : 1462551704602,
          "duration" : 7499
        },
        "severity" : "NORMAL",
        "status" : "PASSED"
      }, {
        "uid" : "1c32a886917decd4",
        "name" : "tc009_verifyAllSectionOptionPages",
        "title" : "Tc 009 verify all section option pages",
        "time" : {
          "start" : 1462551706658,
          "stop" : 1462551708247,
          "duration" : 1589
        },
        "severity" : "NORMAL",
        "status" : "CANCELED"
      }, {
        "uid" : "569a2af5bb34f52e",
        "name" : "tc010_verifyAllFooterSectionPages",
        "title" : "Tc 010 verify all footer section pages",
        "time" : {
          "start" : 1462551710630,
          "stop" : 1462551712272,
          "duration" : 1642
        },
        "severity" : "NORMAL",
        "status" : "CANCELED"
      }, {
        "uid" : "c8628416e351d3ee",
        "name" : "tc011_clickOnLogoNavigateBackToHomePage",
        "title" : "Tc 011 click on logo navigate back to home page",
        "time" : {
          "start" : 1462551714229,
          "stop" : 1462551718715,
          "duration" : 4486
        },
        "severity" : "NORMAL",
        "status" : "PASSED"
      } ]
    } ]
  } ]
}