{
  "hash" : "e7105c43ada45c9f6e0006854ef1a1d95249231d",
  "plugins" : {
    "total" : {
      "statistic" : {
        "total" : 111,
        "passed" : 76,
        "pending" : 16,
        "canceled" : 2,
        "failed" : 17,
        "broken" : 0
      },
      "time" : {
        "start" : 1462550112009,
        "stop" : 1462551718715,
        "duration" : 1606706
      }
    },
    "defects" : {
      "totalCount" : 17,
      "items" : [ {
        "count" : 1,
        "uid" : "5a6899c116d9f77e",
        "message" : "AssertionError: expected [Please enter Email Address.] but found []",
        "status" : "FAILED"
      }, {
        "count" : 1,
        "uid" : "303d83aedbc0b5e0",
        "message" : "AssertionError: expected [Please enter First Name.] but found []",
        "status" : "FAILED"
      }, {
        "count" : 1,
        "uid" : "e0205d39081d5c66",
        "message" : "AssertionError: expected [Please enter Last Name.] but found []",
        "status" : "FAILED"
      }, {
        "count" : 1,
        "uid" : "edf3691da6e30a9f",
        "message" : "AssertionError: expected [Please enter Password.] but found []",
        "status" : "FAILED"
      }, {
        "count" : 1,
        "uid" : "62eb80122d295503",
        "message" : "AssertionError: expected [Please enter Confirm Password.] but found []",
        "status" : "FAILED"
      }, {
        "count" : 1,
        "uid" : "309abf4198645229",
        "message" : "AssertionError: expected [Please enter Address 1] but found []",
        "status" : "FAILED"
      }, {
        "count" : 1,
        "uid" : "913d00e5b5d174e3",
        "message" : "AssertionError: expected [Please enter City.] but found []",
        "status" : "FAILED"
      }, {
        "count" : 1,
        "uid" : "35cb65d4ffd46466",
        "message" : "AssertionError: expected [Please select/enter State.] but found []",
        "status" : "FAILED"
      }, {
        "count" : 1,
        "uid" : "5cac8c9834a03177",
        "message" : "AssertionError: expected [Please enter Zipcode.] but found []",
        "status" : "FAILED"
      }, {
        "count" : 1,
        "uid" : "82f1591a0b5e0854",
        "message" : "AssertionError: expected [Please enter Phone Number.] but found []",
        "status" : "FAILED"
      } ]
    },
    "xunit" : {
      "totalCount" : 1,
      "items" : [ {
        "uid" : "4b069ed0c182ef1c",
        "title" : "EtnaTestAutomationSuite : AutomationTesting",
        "statistic" : {
          "total" : 111,
          "passed" : 76,
          "pending" : 16,
          "canceled" : 2,
          "failed" : 17,
          "broken" : 0
        }
      } ]
    },
    "behaviors" : {
      "totalCount" : 1,
      "items" : [ {
        "title" : "Without feature",
        "statistic" : {
          "total" : 111,
          "passed" : 76,
          "pending" : 16,
          "canceled" : 2,
          "failed" : 17,
          "broken" : 0
        }
      } ]
    },
    "environment" : [ ]
  }
}